idChain	PdbID	Chain	Type	SubGroupFolder	Length	NReps	Frustration	PdbFile	PdbFasta	SecStruct	StartStrucFrac	EndStrucFrac	idUniprot	MissingResidues	NonRedundantSet	Observations	idStructure
986	1A5E	A	Ank	Ank	156	4	NULL	NULL	$Frustra/Ankyrins/Ank/Chains/Fasta/1A5E_A.fasta	NULL	1	156	P42771	0	NULL	NULL	412
478	1AP7	A	Ank	Ank	168	5	NULL	NULL	$Frustra/Ankyrins/Ank/Chains/Fasta/1AP7_A.fasta	NULL	1	168	Q60773	0	true	NULL	230
568	1AWC	A	Ank	Partner	110	NULL	NULL	NULL	$Frustra/Ankyrins/Ank/Chains/Fasta/1AWC_A.fasta	NULL	320	429	Q00422	0	NULL	NULL	268
569	1AWC	B	Ank	Ank	153	5	NULL	NULL	$Frustra/Ankyrins/Ank/Chains/Fasta/1AWC_B.fasta	NULL	5	157	Q00420	0	true	NULL	268
1094	1awc	D	Ank	NucleicAcid	18	NULL	NULL	NULL	$Frustra/Ankyrins/Ank/Chains/Fasta/1awc_D.fasta	NULL	NULL	NULL	DNA	NULL	NULL	NULL	268
1095	1awc	E	Ank	NucleicAcid	19	NULL	NULL	NULL	$Frustra/Ankyrins/Ank/Chains/Fasta/1awc_E.fasta	NULL	NULL	NULL	DNA	NULL	NULL	NULL	268
479	1BD8	A	Ank	Ank	156	4	NULL	NULL	$Frustra/Ankyrins/Ank/Chains/Fasta/1BD8_A.fasta	NULL	7	162	P55273	0	true	NULL	231
617	1BI7	A	Ank	Partner	269	NULL	NULL	NULL	$Frustra/Ankyrins/Ank/Chains/Fasta/1BI7_A.fasta	NULL	10	301	Q00534	57	NULL	NULL	292
618	1BI7	B	Ank	Ank	125	0	NULL	NULL	$Frustra/Ankyrins/Ank/Chains/Fasta/1BI7_B.fasta	NULL	10	134	P42771	31	trueComplex	NULL	292
480	1BI8	A	Ank	Partner	264	NULL	NULL	NULL	$Frustra/Ankyrins/Ank/Chains/Fasta/1BI8_A.fasta	NULL	11	301	Q00534	62	NULL	NULL	232
481	1BI8	B	Ank	Ank	155	0	NULL	NULL	$Frustra/Ankyrins/Ank/Chains/Fasta/1BI8_B.fasta	NULL	6	160	P55273	11	trueComplex	NULL	232
482	1BI8	C	Ank	Partner	264	NULL	NULL	NULL	$Frustra/Ankyrins/Ank/Chains/Fasta/1BI8_C.fasta	NULL	11	301	Q00534	62	NULL	NULL	232
483	1BI8	D	Ank	Ank	155	0	NULL	NULL	$Frustra/Ankyrins/Ank/Chains/Fasta/1BI8_D.fasta	NULL	6	160	P55273	11	NULL	NULL	232
484	1BLX	A	Ank	Partner	305	NULL	NULL	NULL	$Frustra/Ankyrins/Ank/Chains/Fasta/1BLX_A.fasta	NULL	5	309	Q00534	21	NULL	NULL	233
485	1BLX	B	Ank	Ank	160	0	NULL	NULL	$Frustra/Ankyrins/Ank/Chains/Fasta/1BLX_B.fasta	NULL	6	165	Q60773	6	trueComplex	NULL	233
985	1BU9	A	Ank	Ank	168	5	NULL	NULL	$Frustra/Ankyrins/Ank/Chains/Fasta/1BU9_A.fasta	NULL	1	168	P42773	0	true	NULL	411
487	1D9S	A	Ank	Ank	136	4	NULL	NULL	$Frustra/Ankyrins/Ank/Chains/Fasta/1D9S_A.fasta	NULL	1	130	P55271	0	true	NULL	235
619	1DC2	A	Ank	Ank	156	4	NULL	NULL	$Frustra/Ankyrins/Ank/Chains/Fasta/1DC2_A.fasta	NULL	1	156	P42771	0	true	NULL	293
570	1DCQ	A	Ank	Ank	276	4	NULL	NULL	$Frustra/Ankyrins/Ank/Chains/Fasta/1DCQ_A.fasta	NULL	247	522	Q7SIG6	2	true	NULL	269
488	1G3N	A	Ank	Partner	293	NULL	NULL	NULL	$Frustra/Ankyrins/Ank/Chains/Fasta/1G3N_A.fasta	NULL	9	301	Q00534	33	NULL	NULL	236
489	1G3N	B	Ank	Ank	155	0	NULL	NULL	$Frustra/Ankyrins/Ank/Chains/Fasta/1G3N_B.fasta	NULL	6	160	P42773	13	trueComplex	NULL	236
490	1G3N	C	Ank	Partner	233	NULL	NULL	NULL	$Frustra/Ankyrins/Ank/Chains/Fasta/1G3N_C.fasta	NULL	16	253	O40946	24	NULL	NULL	236
491	1G3N	E	Ank	Partner	293	NULL	NULL	NULL	$Frustra/Ankyrins/Ank/Chains/Fasta/1G3N_E.fasta	NULL	9	301	Q00534	33	NULL	NULL	236
492	1G3N	F	Ank	Ank	155	0	NULL	NULL	$Frustra/Ankyrins/Ank/Chains/Fasta/1G3N_F.fasta	NULL	6	160	P42773	13	NULL	NULL	236
493	1G3N	G	Ank	Partner	233	NULL	NULL	NULL	$Frustra/Ankyrins/Ank/Chains/Fasta/1G3N_G.fasta	NULL	16	253	O40946	24	NULL	NULL	236
494	1IHB	A	Ank	Ank	156	0	NULL	NULL	$Frustra/Ankyrins/Ank/Chains/Fasta/1IHB_A.fasta	NULL	5	160	P42773	6	NULL	NULL	237
495	1IHB	B	Ank	Ank	156	0	NULL	NULL	$Frustra/Ankyrins/Ank/Chains/Fasta/1IHB_B.fasta	NULL	7	162	P42773	6	NULL	NULL	237
475	1IKN	A	Ank	Partner	283	NULL	NULL	NULL	$Frustra/Ankyrins/Ank/Chains/Fasta/1IKN_A.fasta	NULL	19	303	Q04207	3	NULL	NULL	229
476	1IKN	C	Ank	Partner	113	0	NULL	NULL	$Frustra/Ankyrins/Ank/Chains/Fasta/1IKN_C.fasta	NULL	245	357	P25799	6	NULL	NULL	229
477	1IKN	D	Ank	Ank	216	6	NULL	NULL	$Frustra/Ankyrins/Ank/Chains/Fasta/1IKN_D.fasta	NULL	73	293	P25963	20	true	NULL	229
496	1IXV	A	Ank	Ank	229	0	NULL	NULL	$Frustra/Ankyrins/Ank/Chains/Fasta/1IXV_A.fasta	NULL	3	231	P50086	2	NULL	NULL	238
497	1K1A	A	Ank	Ank	228	7	NULL	NULL	$Frustra/Ankyrins/Ank/Chains/Fasta/1K1A_A.fasta	NULL	125	352	P20749	13	true	NULL	239
498	1K1B	A	Ank	Ank	228	0	NULL	NULL	$Frustra/Ankyrins/Ank/Chains/Fasta/1K1B_A.fasta	NULL	125	352	P20749	13	NULL	NULL	240
499	1K3Z	A	Ank	Partner	130	NULL	NULL	NULL	$Frustra/Ankyrins/Ank/Chains/Fasta/1K3Z_A.fasta	NULL	191	320	Q04207	6	NULL	NULL	241
500	1K3Z	B	Ank	Partner	118	NULL	NULL	NULL	$Frustra/Ankyrins/Ank/Chains/Fasta/1K3Z_B.fasta	NULL	191	308	Q04207	18	NULL	NULL	241
501	1K3Z	D	Ank	Ank	221	6	NULL	NULL	$Frustra/Ankyrins/Ank/Chains/Fasta/1K3Z_D.fasta	NULL	52	309	Q60778	61	true	NULL	241
831	1MJ0	A	Ank	Ank	156	5	NULL	NULL	$Frustra/Ankyrins/Ank/Chains/Fasta/1MJ0_A.fasta	NULL	11	166	DARPIN_E3_5	10	true	Darpin	373
502	1MX2	A	Ank	Ank	156	0	NULL	NULL	$Frustra/Ankyrins/Ank/Chains/Fasta/1MX2_A.fasta	NULL	5	160	P42773	12	NULL	NULL	242
503	1MX2	B	Ank	Ank	156	0	NULL	NULL	$Frustra/Ankyrins/Ank/Chains/Fasta/1MX2_B.fasta	NULL	7	162	P42773	12	NULL	NULL	242
504	1MX4	A	Ank	Ank	156	0	NULL	NULL	$Frustra/Ankyrins/Ank/Chains/Fasta/1MX4_A.fasta	NULL	5	160	P42773	12	NULL	NULL	243
505	1MX4	B	Ank	Ank	159	0	NULL	NULL	$Frustra/Ankyrins/Ank/Chains/Fasta/1MX4_B.fasta	NULL	4	162	P42773	9	NULL	NULL	243
506	1MX6	A	Ank	Ank	156	0	NULL	NULL	$Frustra/Ankyrins/Ank/Chains/Fasta/1MX6_A.fasta	NULL	5	160	P42773	12	NULL	NULL	244
507	1MX6	B	Ank	Ank	156	0	NULL	NULL	$Frustra/Ankyrins/Ank/Chains/Fasta/1MX6_B.fasta	NULL	7	162	P42773	12	NULL	NULL	244
571	1MYO	A	Ank	Ank	118	3	NULL	NULL	$Frustra/Ankyrins/Ank/Chains/Fasta/1MYO_A.fasta	NULL	1	118	P62775	0	true	NULL	270
832	1N0Q	A	Ank	Ank	92	3	NULL	NULL	$Frustra/Ankyrins/Ank/Chains/Fasta/1N0Q_A.fasta	NULL	2	93	DARPIN_3ANK	1	true	Darpin	374
1073	1N0Q	B	Ank	Ank	93	NULL	NULL	NULL	$Frustra/Ankyrins/Ank/Chains/Fasta/1N0Q_B.fasta	NULL	1	93	1n0q_B	0	NULL	Darpin	374
828	1N0R	A	Ank	Ank	126	4	NULL	NULL	$Frustra/Ankyrins/Ank/Chains/Fasta/1N0R_A.fasta	NULL	1	126	DARPIN_4ANK	0	true	Darpin	364
508	1N11	A	Ank	Ank	404	12	NULL	NULL	$Frustra/Ankyrins/Ank/Chains/Fasta/1N11_A.fasta	NULL	405	812	P16157	33	true	NULL	245
469	1NFI	A	Ank	Partner	295	NULL	NULL	NULL	$Frustra/Ankyrins/Ank/Chains/Fasta/1NFI_A.fasta	NULL	20	314	Q04206	6	NULL	NULL	228
470	1NFI	B	Ank	Partner	107	0	NULL	NULL	$Frustra/Ankyrins/Ank/Chains/Fasta/1NFI_B.fasta	NULL	249	355	P19838	0	NULL	NULL	228
471	1NFI	C	Ank	Partner	301	NULL	NULL	NULL	$Frustra/Ankyrins/Ank/Chains/Fasta/1NFI_C.fasta	NULL	20	320	Q04206	0	NULL	NULL	228
472	1NFI	D	Ank	Partner	107	0	NULL	NULL	$Frustra/Ankyrins/Ank/Chains/Fasta/1NFI_D.fasta	NULL	249	355	P19838	0	NULL	NULL	228
473	1NFI	E	Ank	Ank	213	0	NULL	NULL	$Frustra/Ankyrins/Ank/Chains/Fasta/1NFI_E.fasta	NULL	70	282	P25963	0	NULL	NULL	228
474	1NFI	F	Ank	Ank	213	0	NULL	NULL	$Frustra/Ankyrins/Ank/Chains/Fasta/1NFI_F.fasta	NULL	70	282	P25963	0	NULL	NULL	228
509	1OT8	A	Ank	Ank	209	6	NULL	NULL	$Frustra/Ankyrins/Ank/Chains/Fasta/1OT8_A.fasta	NULL	29	237	P07207	30	true	NULL	246
510	1OT8	B	Ank	Ank	204	0	NULL	NULL	$Frustra/Ankyrins/Ank/Chains/Fasta/1OT8_B.fasta	NULL	36	239	P07207	35	NULL	NULL	246
511	1OT8	C	Ank	Ank	192	0	NULL	NULL	$Frustra/Ankyrins/Ank/Chains/Fasta/1OT8_C.fasta	NULL	47	238	P07207	47	NULL	NULL	246
512	1OY3	B	Ank	Partner	112	NULL	NULL	NULL	$Frustra/Ankyrins/Ank/Chains/Fasta/1OY3_B.fasta	NULL	191	302	Q04207	24	NULL	NULL	247
513	1OY3	C	Ank	Partner	135	NULL	NULL	NULL	$Frustra/Ankyrins/Ank/Chains/Fasta/1OY3_C.fasta	NULL	191	325	Q04207	1	NULL	NULL	247
514	1OY3	D	Ank	Ank	220	0	NULL	NULL	$Frustra/Ankyrins/Ank/Chains/Fasta/1OY3_D.fasta	NULL	50	304	Q60778	62	NULL	NULL	247
515	1QYM	A	Ank	Ank	223	0	NULL	NULL	$Frustra/Ankyrins/Ank/Chains/Fasta/1QYM_A.fasta	NULL	4	226	O75832	4	NULL	NULL	248
572	1S70	A	Ank	Partner	309	NULL	NULL	NULL	$Frustra/Ankyrins/Ank/Chains/Fasta/1S70_A.fasta	NULL	1	309	P62207	21	NULL	NULL	271
573	1S70	B	Ank	Ank	291	7	NULL	NULL	$Frustra/Ankyrins/Ank/Chains/Fasta/1S70_B.fasta	NULL	1	291	Q90623	8	true	NULL	271
835	1SVX	B	Ank	Partner	369	NULL	NULL	NULL	$Frustra/Ankyrins/Ank/Chains/Fasta/1SVX_B.fasta	NULL	5	373	P0AEX9	26	NULL	NULL	375
836	1SVX	A	Ank	Ank	157	5	NULL	NULL	$Frustra/Ankyrins/Ank/Chains/Fasta/1SVX_A.fasta	NULL	12	168	DARPIN_OFF7	12	true	Darpin	375
516	1SW6	A	Ank	Ank	254	5	NULL	NULL	$Frustra/Ankyrins/Ank/Chains/Fasta/1SW6_A.fasta	NULL	212	512	P09959	73	true	NULL	249
517	1SW6	B	Ank	Ank	254	0	NULL	NULL	$Frustra/Ankyrins/Ank/Chains/Fasta/1SW6_B.fasta	NULL	212	512	P09959	73	NULL	NULL	249
518	1TR4	A	Ank	Ank	226	7	NULL	NULL	$Frustra/Ankyrins/Ank/Chains/Fasta/1TR4_A.fasta	NULL	1	226	O75832	0	true	NULL	250
519	1UOH	A	Ank	Ank	223	0	NULL	NULL	$Frustra/Ankyrins/Ank/Chains/Fasta/1UOH_A.fasta	NULL	4	226	O75832	3	NULL	NULL	251
788	1WDY	A	Ank	Ank	285	8	NULL	NULL	$Frustra/Ankyrins/Ank/Chains/Fasta/1WDY_A.fasta	NULL	21	305	Q05823	0	NULL	NULL	353
988	1WG0	A	Ank	Ank	243	7	NULL	NULL	$Frustra/Ankyrins/Ank/Chains/Fasta/1WG0_A.fasta	NULL	1	243	P50086	0	true	NULL	413
522	1YCS	A	Ank	Partner	191	NULL	NULL	NULL	$Frustra/Ankyrins/Ank/Chains/Fasta/1YCS_A.fasta	NULL	97	287	P04637	8	NULL	NULL	253
523	1YCS	B	Ank	Ank	193	4	NULL	NULL	$Frustra/Ankyrins/Ank/Chains/Fasta/1YCS_B.fasta	NULL	327	519	Q13625	46	true	NULL	253
574	1YMP	A	Ank	Ank	131	0	NULL	NULL	$Frustra/Ankyrins/Ank/Chains/Fasta/1YMP_A.fasta	NULL	107	237	Q01705	4	NULL	NULL	272
575	1YMP	B	Ank	Ank	131	4	NULL	NULL	$Frustra/Ankyrins/Ank/Chains/Fasta/1YMP_B.fasta	NULL	107	237	Q01705	4	true	NULL	272
524	1YYH	A	Ank	Ank	193	0	NULL	NULL	$Frustra/Ankyrins/Ank/Chains/Fasta/1YYH_A.fasta	NULL	52	244	P46531	60	NULL	NULL	254
525	1YYH	B	Ank	Ank	189	0	NULL	NULL	$Frustra/Ankyrins/Ank/Chains/Fasta/1YYH_B.fasta	NULL	55	243	P46531	64	NULL	NULL	254
989	2A5E	A	Ank	Ank	156	0	NULL	NULL	$Frustra/Ankyrins/Ank/Chains/Fasta/2A5E_A.fasta	NULL	1	156	P42771	0	NULL	NULL	414
785	2AJA	A	Ank	Ank	335	7	NULL	NULL	$Frustra/Ankyrins/Ank/Chains/Fasta/2AJA_A.fasta	NULL	3	349	Q5ZSV0	33	true	NULL	350
786	2AJA	B	Ank	Ank	337	0	NULL	NULL	$Frustra/Ankyrins/Ank/Chains/Fasta/2AJA_B.fasta	NULL	2	356	Q5ZSV0	31	NULL	NULL	350
797	2B0O	E	Ank	Ank	264	0	NULL	NULL	$Frustra/Ankyrins/Ank/Chains/Fasta/2B0O_E.fasta	NULL	423	687	Q8TDY4	37	NULL	NULL	354
798	2B0O	F	Ank	Ank	266	4	NULL	NULL	$Frustra/Ankyrins/Ank/Chains/Fasta/2B0O_F.fasta	NULL	424	697	Q8TDY4	35	NULL	NULL	354
799	2B0O	G	Ank	Ank	253	0	NULL	NULL	$Frustra/Ankyrins/Ank/Chains/Fasta/2B0O_G.fasta	NULL	421	681	Q8TDY4	48	NULL	NULL	354
800	2B0O	H	Ank	Ank	262	0	NULL	NULL	$Frustra/Ankyrins/Ank/Chains/Fasta/2B0O_H.fasta	NULL	424	694	Q8TDY4	39	NULL	NULL	354
838	2BKG	A	Ank	Ank	155	5	NULL	NULL	$Frustra/Ankyrins/Ank/Chains/Fasta/2BKG_A.fasta	NULL	12	166	DARPIN_E3_19	11	true	Darpin	377
1241	2BKG	B	Ank	Ank	155	NULL	NULL	NULL	$Frustra/Ankyrins/Ank/Chains/Fasta/2BKG_B.fasta	NULL	12	166	DARPIN_E3_19	11	NULL	Darpin	377
859	2BKK	A	Ank	Partner	247	NULL	NULL	NULL	$Frustra/Ankyrins/Ank/Chains/Fasta/2BKK_A.fasta	NULL	2	264	E2DP59	17	NULL	NULL	378
860	2BKK	C	Ank	Partner	262	NULL	NULL	NULL	$Frustra/Ankyrins/Ank/Chains/Fasta/2BKK_C.fasta	NULL	3	264	P0A3Y5	2	NULL	NULL	378
861	2BKK	B	Ank	Ank	156	5	NULL	NULL	$Frustra/Ankyrins/Ank/Chains/Fasta/2BKK_B.fasta	NULL	12	167	DARPIN_AR_3A	13	true	Darpin	378
1240	2BKK	D	Ank	Ank	157	NULL	NULL	NULL	$Frustra/Ankyrins/Ank/Chains/Fasta/2BKK_D.fasta	NULL	11	167	DARPIN_AR_3A	12	NULL	Darpin	378
526	2DVW	A	Ank	Ank	229	7	NULL	NULL	$Frustra/Ankyrins/Ank/Chains/Fasta/2DVW_A.fasta	NULL	3	231	Q9Z2X2	2	true	NULL	255
527	2DVW	B	Ank	Partner	73	NULL	NULL	NULL	$Frustra/Ankyrins/Ank/Chains/Fasta/2DVW_B.fasta	NULL	336	408	P43686	10	NULL	NULL	255
823	2DWZ	A	Ank	Ank	226	0	NULL	NULL	$Frustra/Ankyrins/Ank/Chains/Fasta/2DWZ_A.fasta	NULL	4	229	Q9Z2X2	5	NULL	NULL	360
824	2DWZ	B	Ank	Partner	73	NULL	NULL	NULL	$Frustra/Ankyrins/Ank/Chains/Fasta/2DWZ_B.fasta	NULL	336	408	Q63570	10	NULL	NULL	360
825	2DWZ	C	Ank	Ank	226	0	NULL	NULL	$Frustra/Ankyrins/Ank/Chains/Fasta/2DWZ_C.fasta	NULL	4	229	Q9Z2X2	5	NULL	NULL	360
826	2DWZ	D	Ank	Partner	73	NULL	NULL	NULL	$Frustra/Ankyrins/Ank/Chains/Fasta/2DWZ_D.fasta	NULL	336	408	Q63570	10	NULL	NULL	360
532	2DZN	A	Ank	Ank	226	0	NULL	NULL	$Frustra/Ankyrins/Ank/Chains/Fasta/2DZN_A.fasta	NULL	3	228	P50086	2	NULL	NULL	256
533	2DZN	B	Ank	Partner	57	NULL	NULL	NULL	$Frustra/Ankyrins/Ank/Chains/Fasta/2DZN_B.fasta	NULL	360	416	P33298	25	NULL	NULL	256
534	2DZN	C	Ank	Ank	227	0	NULL	NULL	$Frustra/Ankyrins/Ank/Chains/Fasta/2DZN_C.fasta	NULL	2	228	P50086	1	NULL	NULL	256
535	2DZN	D	Ank	Partner	67	NULL	NULL	NULL	$Frustra/Ankyrins/Ank/Chains/Fasta/2DZN_D.fasta	NULL	348	414	P33298	15	NULL	NULL	256
536	2DZN	E	Ank	Ank	227	0	NULL	NULL	$Frustra/Ankyrins/Ank/Chains/Fasta/2DZN_E.fasta	NULL	2	228	P50086	1	NULL	NULL	256
537	2DZN	F	Ank	Partner	69	NULL	NULL	NULL	$Frustra/Ankyrins/Ank/Chains/Fasta/2DZN_F.fasta	NULL	348	416	P33298	13	NULL	NULL	256
805	2DZO	A	Ank	Ank	228	7	NULL	NULL	$Frustra/Ankyrins/Ank/Chains/Fasta/2DZO_A.fasta	NULL	1	228	P50086	0	trueComplex	NULL	355
806	2DZO	B	Ank	Partner	57	NULL	NULL	NULL	$Frustra/Ankyrins/Ank/Chains/Fasta/2DZO_B.fasta	NULL	360	416	P33298	25	NULL	NULL	355
807	2DZO	C	Ank	Ank	227	0	NULL	NULL	$Frustra/Ankyrins/Ank/Chains/Fasta/2DZO_C.fasta	NULL	2	228	P50086	1	NULL	NULL	355
808	2DZO	D	Ank	Partner	67	NULL	NULL	NULL	$Frustra/Ankyrins/Ank/Chains/Fasta/2DZO_D.fasta	NULL	348	414	P33298	15	NULL	NULL	355
580	2ETA	A	Ank	Ank	239	0	NULL	NULL	$Frustra/Ankyrins/Ank/Chains/Fasta/2ETA_A.fasta	NULL	75	319	Q9WUD2	17	NULL	NULL	273
581	2ETA	B	Ank	Ank	240	0	NULL	NULL	$Frustra/Ankyrins/Ank/Chains/Fasta/2ETA_B.fasta	NULL	75	320	Q9WUD2	16	NULL	NULL	273
582	2ETB	A	Ank	Ank	252	0	NULL	NULL	$Frustra/Ankyrins/Ank/Chains/Fasta/2ETB_A.fasta	NULL	75	326	Q9WUD2	4	NULL	NULL	274
625	2ETC	A	Ank	Ank	252	6	NULL	NULL	$Frustra/Ankyrins/Ank/Chains/Fasta/2ETC_A.fasta	NULL	69	320	Q9WUD2	22	true	NULL	296
626	2ETC	B	Ank	Ank	248	0	NULL	NULL	$Frustra/Ankyrins/Ank/Chains/Fasta/2ETC_B.fasta	NULL	70	319	Q9WUD2	26	NULL	NULL	296
583	2F37	A	Ank	Ank	244	6	NULL	NULL	$Frustra/Ankyrins/Ank/Chains/Fasta/2F37_A.fasta	NULL	71	318	Q9Y5S1	4	true	NULL	275
584	2F37	B	Ank	Ank	246	0	NULL	NULL	$Frustra/Ankyrins/Ank/Chains/Fasta/2F37_B.fasta	NULL	70	318	Q9Y5S1	2	NULL	NULL	275
542	2F8X	C	Ank	Partner	424	NULL	NULL	NULL	$Frustra/Ankyrins/Ank/Chains/Fasta/2F8X_C.fasta	NULL	11	434	Q06330	10	NULL	NULL	257
543	2F8X	K	Ank	Ank	218	0	NULL	NULL	$Frustra/Ankyrins/Ank/Chains/Fasta/2F8X_K.fasta	NULL	1884	2120	P46531	38	NULL	NULL	257
544	2F8X	M	Ank	Partner	55	NULL	NULL	NULL	$Frustra/Ankyrins/Ank/Chains/Fasta/2F8X_M.fasta	NULL	16	70	Q92585	8	NULL	NULL	257
1099	2F8X	X	Ank	NucleicAcid	18	NULL	NULL	NULL	$Frustra/Ankyrins/Ank/Chains/Fasta/2F8X_X.fasta	NULL	NULL	NULL	DNA	NULL	NULL	NULL	257
1100	2F8X	Y	Ank	NucleicAcid	18	NULL	NULL	NULL	$Frustra/Ankyrins/Ank/Chains/Fasta/2F8X_Y.fasta	NULL	NULL	NULL	DNA	NULL	NULL	NULL	257
627	2F8Y	A	Ank	Ank	215	0	NULL	NULL	$Frustra/Ankyrins/Ank/Chains/Fasta/2F8Y_A.fasta	NULL	1909	2123	P46531	8	NULL	NULL	297
628	2F8Y	B	Ank	Ank	209	0	NULL	NULL	$Frustra/Ankyrins/Ank/Chains/Fasta/2F8Y_B.fasta	NULL	1909	2117	P46531	14	NULL	NULL	297
545	2FO1	A	Ank	Partner	439	NULL	NULL	NULL	$Frustra/Ankyrins/Ank/Chains/Fasta/2FO1_A.fasta	NULL	195	663	Q8MXE7	38	NULL	NULL	258
546	2FO1	D	Ank	Partner	63	NULL	NULL	NULL	$Frustra/Ankyrins/Ank/Chains/Fasta/2FO1_D.fasta	NULL	52	114	Q09260	22	NULL	NULL	258
547	2FO1	E	Ank	Ank	283	0	NULL	NULL	$Frustra/Ankyrins/Ank/Chains/Fasta/2FO1_E.fasta	NULL	933	1297	P14585	76	true	NULL	258
1102	2FO1	B	Ank	NucleicAcid	15	NULL	NULL	NULL	$Frustra/Ankyrins/Ank/Chains/Fasta/2FO1_B.fasta	NULL	NULL	NULL	DNA	NULL	NULL	NULL	258
1103	2FO1	C	Ank	NucleicAcid	15	NULL	NULL	NULL	$Frustra/Ankyrins/Ank/Chains/Fasta/2FO1_C.fasta	NULL	NULL	NULL	DNA	NULL	NULL	NULL	258
811	2HE0	A	Ank	Ank	195	6	NULL	NULL	$Frustra/Ankyrins/Ank/Chains/Fasta/2HE0_A.fasta	NULL	50	244	P46531	58	true	NULL	356
812	2HE0	B	Ank	Ank	193	0	NULL	NULL	$Frustra/Ankyrins/Ank/Chains/Fasta/2HE0_B.fasta	NULL	52	244	P46531	60	NULL	NULL	356
862	2JAB	A	Ank	Ank	124	4	NULL	NULL	$Frustra/Ankyrins/Ank/Chains/Fasta/2JAB_A.fasta	NULL	12	135	DARPIN_H10_2_G3	12	true	Darpin	386
1226	2JAB	B	Ank	Ank	124	NULL	NULL	NULL	$Frustra/Ankyrins/Ank/Chains/Fasta/2JAB_B.fasta	NULL	12	135	DARPIN_H10_2_G3	12	NULL	Darpin	386
1227	2JAB	C	Ank	Ank	125	NULL	NULL	NULL	$Frustra/Ankyrins/Ank/Chains/Fasta/2JAB_C.fasta	NULL	12	136	DARPIN_H10_2_G3	11	NULL	Darpin	386
813	2KBX	A	Ank	Ank	171	5	NULL	NULL	$Frustra/Ankyrins/Ank/Chains/Fasta/2KBX_A.fasta	NULL	1	171	Q13418	0	true	NULL	357
814	2KBX	B	Ank	Partner	70	NULL	NULL	NULL	$Frustra/Ankyrins/Ank/Chains/Fasta/2KBX_B.fasta	NULL	1	70	P48059	0	NULL	NULL	357
990	2KXP	A	Ank	Partner	275	NULL	NULL	NULL	$Frustra/Ankyrins/Ank/Chains/Fasta/2KXP_A.fasta	NULL	7	281	P13127	0	NULL	NULL	415
991	2KXP	B	Ank	Partner	270	NULL	NULL	NULL	$Frustra/Ankyrins/Ank/Chains/Fasta/2KXP_B.fasta	NULL	302	571	P14315	0	NULL	NULL	415
992	2KXP	C	Ank	Ank	118	4	NULL	NULL	$Frustra/Ankyrins/Ank/Chains/Fasta/2KXP_C.fasta	NULL	601	718	P62774	0	true	NULL	415
961	2L6B	A	Ank	Ank	106	3	NULL	NULL	$Frustra/Ankyrins/Ank/Chains/Fasta/2L6B_A.fasta	NULL	4	109	NRC	9	true	Darpin	298
585	2MYO	A	Ank	Ank	118	0	NULL	NULL	$Frustra/Ankyrins/Ank/Chains/Fasta/2MYO_A.fasta	NULL	1	118	P62775	0	NULL	NULL	276
632	2NYJ	A	Ank	Ank	241	6	NULL	NULL	$Frustra/Ankyrins/Ank/Chains/Fasta/2NYJ_A.fasta	NULL	110	359	O35433	29	NULL	NULL	299
938	2P2C	A	Ank	Partner	162	NULL	NULL	NULL	$Frustra/Ankyrins/Ank/Chains/Fasta/2P2C_A.fasta	NULL	7	168	P42575	7	NULL	NULL	388
939	2P2C	B	Ank	Partner	96	NULL	NULL	NULL	$Frustra/Ankyrins/Ank/Chains/Fasta/2P2C_B.fasta	NULL	209	304	B4E085	10	NULL	NULL	388
940	2P2C	C	Ank	Partner	161	NULL	NULL	NULL	$Frustra/Ankyrins/Ank/Chains/Fasta/2P2C_C.fasta	NULL	8	168	B4E0I5	8	NULL	NULL	388
941	2P2C	D	Ank	Partner	98	NULL	NULL	NULL	$Frustra/Ankyrins/Ank/Chains/Fasta/2P2C_D.fasta	NULL	208	305	B4E085	8	NULL	NULL	388
942	2P2C	E	Ank	Partner	160	NULL	NULL	NULL	$Frustra/Ankyrins/Ank/Chains/Fasta/2P2C_E.fasta	NULL	8	167	B4E0I5	9	NULL	NULL	388
943	2P2C	F	Ank	Partner	96	NULL	NULL	NULL	$Frustra/Ankyrins/Ank/Chains/Fasta/2P2C_F.fasta	NULL	209	304	B4E085	10	NULL	NULL	388
944	2P2C	G	Ank	Partner	160	NULL	NULL	NULL	$Frustra/Ankyrins/Ank/Chains/Fasta/2P2C_G.fasta	NULL	8	167	B4E0I5	9	NULL	NULL	388
945	2P2C	H	Ank	Partner	98	NULL	NULL	NULL	$Frustra/Ankyrins/Ank/Chains/Fasta/2P2C_H.fasta	NULL	207	304	B4E085	8	NULL	NULL	388
946	2P2C	I	Ank	Partner	157	NULL	NULL	NULL	$Frustra/Ankyrins/Ank/Chains/Fasta/2P2C_I.fasta	NULL	11	167	B4E0I5	12	NULL	NULL	388
947	2P2C	J	Ank	Partner	94	NULL	NULL	NULL	$Frustra/Ankyrins/Ank/Chains/Fasta/2P2C_J.fasta	NULL	209	302	B4E085	12	NULL	NULL	388
948	2P2C	K	Ank	Partner	158	NULL	NULL	NULL	$Frustra/Ankyrins/Ank/Chains/Fasta/2P2C_K.fasta	NULL	9	166	B4E0I5	11	NULL	NULL	388
949	2P2C	L	Ank	Partner	92	NULL	NULL	NULL	$Frustra/Ankyrins/Ank/Chains/Fasta/2P2C_L.fasta	NULL	211	302	B4E085	14	NULL	NULL	388
950	2P2C	P	Ank	Ank	158	5	NULL	NULL	$Frustra/Ankyrins/Ank/Chains/Fasta/2P2C_P.fasta	NULL	9	166	DARPIN_AR_F8	11	true	Darpin	388
1175	2P2C	Q	Ank	Ank	158	NULL	NULL	NULL	$Frustra/Ankyrins/Ank/Chains/Fasta/2P2C_Q.fasta	NULL	12	169	DARPIN_AR_F8	11	NULL	Darpin	388
1176	2P2C	R	Ank	Ank	157	NULL	NULL	NULL	$Frustra/Ankyrins/Ank/Chains/Fasta/2P2C_R.fasta	NULL	9	165	DARPIN_AR_F8	12	NULL	Darpin	388
1177	2P2C	S	Ank	Ank	153	NULL	NULL	NULL	$Frustra/Ankyrins/Ank/Chains/Fasta/2P2C_S.fasta	NULL	13	165	DARPIN_AR_F8	16	NULL	Darpin	388
1178	2P2C	T	Ank	Ank	152	NULL	NULL	NULL	$Frustra/Ankyrins/Ank/Chains/Fasta/2P2C_T.fasta	NULL	15	166	DARPIN_AR_F8	17	NULL	Darpin	388
1179	2P2C	U	Ank	Ank	154	NULL	NULL	NULL	$Frustra/Ankyrins/Ank/Chains/Fasta/2P2C_U.fasta	NULL	13	166	DARPIN_AR_F8	15	NULL	Darpin	388
550	2PNN	A	Ank	Ank	245	6	NULL	NULL	$Frustra/Ankyrins/Ank/Chains/Fasta/2PNN_A.fasta	NULL	111	358	O35433	25	true	NULL	259
586	2QC9	A	Ank	Ank	192	0	NULL	NULL	$Frustra/Ankyrins/Ank/Chains/Fasta/2QC9_A.fasta	NULL	1914	2106	Q01705	17	NULL	NULL	277
587	2QC9	B	Ank	Ank	196	0	NULL	NULL	$Frustra/Ankyrins/Ank/Chains/Fasta/2QC9_B.fasta	NULL	1910	2106	Q01705	13	NULL	NULL	277
951	2QYJ	A	Ank	Ank	154	5	NULL	NULL	$Frustra/Ankyrins/Ank/Chains/Fasta/2QYJ_A.fasta	NULL	13	166	DARPIN_NI3C	12	true	Darpin	389
588	2RFA	A	Ank	Ank	222	6	NULL	NULL	$Frustra/Ankyrins/Ank/Chains/Fasta/2RFA_A.fasta	NULL	44	265	Q91WD2	10	true	NULL	278
589	2RFM	A	Ank	Ank	183	5	NULL	NULL	$Frustra/Ankyrins/Ank/Chains/Fasta/2RFM_A.fasta	NULL	7	189	Q978J0	9	true	NULL	279
590	2RFM	B	Ank	Ank	184	0	NULL	NULL	$Frustra/Ankyrins/Ank/Chains/Fasta/2RFM_B.fasta	NULL	6	189	Q978J0	8	NULL	NULL	279
815	2V4H	A	Ank	Partner	98	NULL	NULL	NULL	$Frustra/Ankyrins/Ank/Chains/Fasta/2V4H_A.fasta	NULL	240	337	O88522	12	NULL	NULL	358
816	2V4H	B	Ank	Partner	91	NULL	NULL	NULL	$Frustra/Ankyrins/Ank/Chains/Fasta/2V4H_B.fasta	NULL	247	337	Q8VC91	19	NULL	NULL	358
960	2V4H	C	Ank	Ank	125	4	NULL	NULL	$Frustra/Ankyrins/Ank/Chains/Fasta/2V4H_C.fasta	NULL	12	136	DARPIN_1D5	11	true	Darpin	358
1221	2V4H	D	Ank	Ank	128	NULL	NULL	NULL	$Frustra/Ankyrins/Ank/Chains/Fasta/2V4H_D.fasta	NULL	9	136	DARPIN_1D5	8	NULL	Darpin	358
972	2V5Q	A	Ank	Partner	285	NULL	NULL	NULL	$Frustra/Ankyrins/Ank/Chains/Fasta/2V5Q_A.fasta	NULL	39	323	P53350	30	NULL	NULL	399
973	2V5Q	B	Ank	Partner	285	NULL	NULL	NULL	$Frustra/Ankyrins/Ank/Chains/Fasta/2V5Q_B.fasta	NULL	39	323	P53350	30	NULL	NULL	399
974	2V5Q	C	Ank	Ank	130	4	NULL	NULL	$Frustra/Ankyrins/Ank/Chains/Fasta/2V5Q_C.fasta	NULL	12	141	DARPIN_3H10	37	true	Darpin	399
1239	2V5Q	D	Ank	Ank	129	NULL	NULL	NULL	$Frustra/Ankyrins/Ank/Chains/Fasta/2V5Q_D.fasta	NULL	13	141	DARPIN_3H10	38	NULL	Darpin	399
591	2VGE	A	Ank	Ank	208	4	NULL	NULL	$Frustra/Ankyrins/Ank/Chains/Fasta/2VGE_A.fasta	NULL	616	823	Q8WUF5	21	true	NULL	280
975	2XEE	A	Ank	Ank	157	5	NULL	NULL	$Frustra/Ankyrins/Ank/Chains/Fasta/2XEE_A.fasta	NULL	13	169	DARPIN_NI3C_Mut5	0	true	Darpin	400
1182	2XEE	B	Ank	Ank	157	NULL	NULL	NULL	$Frustra/Ankyrins/Ank/Chains/Fasta/2XEE_B.fasta	NULL	13	169	DARPIN_NI3C_Mut5	0	NULL	Darpin	400
1183	2XEE	C	Ank	Ank	157	NULL	NULL	NULL	$Frustra/Ankyrins/Ank/Chains/Fasta/2XEE_C.fasta	NULL	13	169	DARPIN_NI3C_Mut5	0	NULL	Darpin	400
1184	2XEE	D	Ank	Ank	157	NULL	NULL	NULL	$Frustra/Ankyrins/Ank/Chains/Fasta/2XEE_D.fasta	NULL	13	169	DARPIN_NI3C_Mut5	0	NULL	Darpin	400
976	2XEH	A	Ank	Ank	157	0	NULL	NULL	$Frustra/Ankyrins/Ank/Chains/Fasta/2XEH_A.fasta	NULL	13	169	DARPIN_NI3C_Mut6	0	NULL	Darpin	401
1237	2XEH	B	Ank	Ank	157	NULL	NULL	NULL	$Frustra/Ankyrins/Ank/Chains/Fasta/2XEH_B.fasta	NULL	13	169	DARPIN_NI3C_Mut6	0	NULL	Darpin	401
1238	2XEH	C	Ank	Ank	157	NULL	NULL	NULL	$Frustra/Ankyrins/Ank/Chains/Fasta/2XEH_C.fasta	NULL	13	169	DARPIN_NI3C_Mut6	0	NULL	Darpin	401
977	2XEN	A	Ank	Ank	91	3	NULL	NULL	$Frustra/Ankyrins/Ank/Chains/Fasta/2XEN_A.fasta	NULL	13	103	DARPIN_NI1C_Mut4	0	true	Darpin	402
634	2XZD	A	Ank	Partner	140	NULL	NULL	NULL	$Frustra/Ankyrins/Ank/Chains/Fasta/2XZD_A.fasta	NULL	34	174	P42574	8	NULL	NULL	301
635	2XZD	B	Ank	Partner	94	NULL	NULL	NULL	$Frustra/Ankyrins/Ank/Chains/Fasta/2XZD_B.fasta	NULL	184	277	P42574	24	NULL	NULL	301
636	2XZD	C	Ank	Partner	141	NULL	NULL	NULL	$Frustra/Ankyrins/Ank/Chains/Fasta/2XZD_C.fasta	NULL	34	175	P42574	7	NULL	NULL	301
637	2XZD	D	Ank	Partner	93	NULL	NULL	NULL	$Frustra/Ankyrins/Ank/Chains/Fasta/2XZD_D.fasta	NULL	185	277	P42574	25	NULL	NULL	301
1110	2XZD	G	Ank	Ank	119	NULL	NULL	NULL	$Frustra/Ankyrins/Ank/Chains/Fasta/2XZD_G.fasta	NULL	13	131	2xzd_G	17	NULL	Darpin	301
1111	2XZD	H	Ank	Ank	120	NULL	NULL	NULL	$Frustra/Ankyrins/Ank/Chains/Fasta/2XZD_H.fasta	NULL	13	132	2xzd_H	16	NULL	Darpin	301
993	2XZT	A	Ank	Partner	140	NULL	NULL	NULL	$Frustra/Ankyrins/Ank/Chains/Fasta/2XZT_A.fasta	NULL	34	174	P42574	8	NULL	NULL	416
994	2XZT	B	Ank	Partner	94	NULL	NULL	NULL	$Frustra/Ankyrins/Ank/Chains/Fasta/2XZT_B.fasta	NULL	184	277	P42574	24	NULL	NULL	416
995	2XZT	C	Ank	Partner	141	NULL	NULL	NULL	$Frustra/Ankyrins/Ank/Chains/Fasta/2XZT_C.fasta	NULL	34	175	P42574	7	NULL	NULL	416
996	2XZT	D	Ank	Partner	93	NULL	NULL	NULL	$Frustra/Ankyrins/Ank/Chains/Fasta/2XZT_D.fasta	NULL	185	277	P42574	25	NULL	NULL	416
997	2XZT	G	Ank	Ank	119	0	NULL	NULL	$Frustra/Ankyrins/Ank/Chains/Fasta/2XZT_G.fasta	NULL	13	131	DARPIN-34_I78S	17	NULL	Darpin	416
998	2XZT	H	Ank	Ank	119	0	NULL	NULL	$Frustra/Ankyrins/Ank/Chains/Fasta/2XZT_G.fasta	NULL	13	131	DARPIN-34_I78S	17	NULL	Darpin	416
642	2Y0B	A	Ank	Partner	140	NULL	NULL	NULL	$Frustra/Ankyrins/Ank/Chains/Fasta/2Y0B_A.fasta	NULL	34	174	P42574	8	NULL	NULL	302
643	2Y0B	B	Ank	Partner	94	NULL	NULL	NULL	$Frustra/Ankyrins/Ank/Chains/Fasta/2Y0B_B.fasta	NULL	184	277	P42574	24	NULL	NULL	302
644	2Y0B	C	Ank	Partner	140	NULL	NULL	NULL	$Frustra/Ankyrins/Ank/Chains/Fasta/2Y0B_C.fasta	NULL	34	174	P42574	8	NULL	NULL	302
645	2Y0B	D	Ank	Partner	93	NULL	NULL	NULL	$Frustra/Ankyrins/Ank/Chains/Fasta/2Y0B_D.fasta	NULL	185	277	P42574	25	NULL	NULL	302
1112	2Y0B	G	Ank	Ank	119	NULL	NULL	NULL	$Frustra/Ankyrins/Ank/Chains/Fasta/2Y0B_G.fasta	NULL	13	131	2y0b_G	17	NULL	Darpin	302
1113	2Y0B	H	Ank	Ank	120	NULL	NULL	NULL	$Frustra/Ankyrins/Ank/Chains/Fasta/2Y0B_H.fasta	NULL	13	132	2y0b_H	16	NULL	Darpin	302
978	2ZGD	A	Ank	Ank	96	3	NULL	NULL	$Frustra/Ankyrins/Ank/Chains/Fasta/2ZGD_A.fasta	NULL	5	110	DARPIN_3CA1A2N-OH	13	true	Darpin	403
979	2ZGG	A	Ank	Ank	88	3	NULL	NULL	$Frustra/Ankyrins/Ank/Chains/Fasta/2ZGG_A.fasta	NULL	23	110	DARPIN_3CA1A2N	4	true	Darpin	404
652	3AAA	A	Ank	Partner	267	NULL	NULL	NULL	$Frustra/Ankyrins/Ank/Chains/Fasta/3AAA_A.fasta	NULL	9	275	P13127	19	NULL	NULL	304
653	3AAA	B	Ank	Partner	250	NULL	NULL	NULL	$Frustra/Ankyrins/Ank/Chains/Fasta/3AAA_B.fasta	NULL	2	251	P14315	27	NULL	NULL	304
654	3AAA	C	Ank	Ank	117	4	NULL	NULL	$Frustra/Ankyrins/Ank/Chains/Fasta/3AAA_C.fasta	NULL	2	118	P58546	6	true	NULL	304
655	3AJI	A	Ank	Ank	228	7	NULL	NULL	$Frustra/Ankyrins/Ank/Chains/Fasta/3AJI_A.fasta	NULL	3	231	Q9Z2X2	2	trueComplex	NULL	305
656	3AJI	B	Ank	Partner	73	NULL	NULL	NULL	$Frustra/Ankyrins/Ank/Chains/Fasta/3AJI_B.fasta	NULL	336	408	P54775	10	NULL	NULL	305
657	3AJI	C	Ank	Ank	228	0	NULL	NULL	$Frustra/Ankyrins/Ank/Chains/Fasta/3AJI_C.fasta	NULL	3	231	Q9Z2X2	2	NULL	NULL	305
658	3AJI	D	Ank	Partner	73	NULL	NULL	NULL	$Frustra/Ankyrins/Ank/Chains/Fasta/3AJI_D.fasta	NULL	336	408	P54775	10	NULL	NULL	305
551	3B7B	A	Ank	Ank	236	7	NULL	NULL	$Frustra/Ankyrins/Ank/Chains/Fasta/3B7B_A.fasta	NULL	734	967	Q9H9B1	1	true	NULL	260
552	3B7B	B	Ank	Ank	224	0	NULL	NULL	$Frustra/Ankyrins/Ank/Chains/Fasta/3B7B_B.fasta	NULL	744	967	Q9H9B1	13	NULL	NULL	260
553	3B95	A	Ank	Ank	236	0	NULL	NULL	$Frustra/Ankyrins/Ank/Chains/Fasta/3B95_A.fasta	NULL	734	967	Q9H9B1	1	NULL	NULL	261
554	3B95	B	Ank	Partner	225	NULL	NULL	NULL	$Frustra/Ankyrins/Ank/Chains/Fasta/3B95_B.fasta	NULL	743	967	P68431	12	NULL	NULL	261
1109	3B95	P	Ank	Peptide	9	NULL	NULL	NULL	$Frustra/Ankyrins/Ank/Chains/Fasta/3B95_P.fasta	NULL	1	13	3b95_P	5	NULL	NULL	261
555	3C5R	A	Ank	Ank	125	4	NULL	NULL	$Frustra/Ankyrins/Ank/Chains/Fasta/3C5R_A.fasta	NULL	425	546	Q99728	12	true	NULL	262
556	3C5R	B	Ank	Ank	124	0	NULL	NULL	$Frustra/Ankyrins/Ank/Chains/Fasta/3C5R_B.fasta	NULL	425	545	Q99728	13	NULL	NULL	262
999	3D9H	A	Ank	Ank	235	7	NULL	NULL	$Frustra/Ankyrins/Ank/Chains/Fasta/3D9H_A.fasta	NULL	19	253	Q96DX5	50	true	NULL	417
557	3DEO	A	Ank	Ank	183	4	NULL	NULL	$Frustra/Ankyrins/Ank/Chains/Fasta/3DEO_A.fasta	NULL	85	267	O22265	0	true	NULL	263
558	3DEP	A	Ank	Ank	183	0	NULL	NULL	$Frustra/Ankyrins/Ank/Chains/Fasta/3DEP_A.fasta	NULL	85	267	O22265	0	NULL	NULL	264
1244	3DEP	B	Ank	Peptide	12	NULL	NULL	NULL	$Frustra/Ankyrins/Ank/Chains/Fasta/3DEP_B.fasta	NULL	156	167	3dep_B	0	NULL	NULL	264
593	3EHQ	A	Ank	Ank	179	5	NULL	NULL	$Frustra/Ankyrins/Ank/Chains/Fasta/3EHQ_A.fasta	NULL	12	193	Q92882	40	true	NULL	281
594	3EHQ	B	Ank	Ank	178	0	NULL	NULL	$Frustra/Ankyrins/Ank/Chains/Fasta/3EHQ_B.fasta	NULL	12	192	Q92882	41	NULL	NULL	281
595	3EHR	A	Ank	Ank	175	4	NULL	NULL	$Frustra/Ankyrins/Ank/Chains/Fasta/3EHR_A.fasta	NULL	13	190	Q92882	44	NULL	NULL	282
596	3EHR	B	Ank	Ank	176	0	NULL	NULL	$Frustra/Ankyrins/Ank/Chains/Fasta/3EHR_B.fasta	NULL	12	190	Q92882	43	NULL	NULL	282
559	3EU9	A	Ank	Ank	232	7	NULL	NULL	$Frustra/Ankyrins/Ank/Chains/Fasta/3EU9_A.fasta	NULL	50	281	Q8IUH5	8	true	NULL	265
560	3EU9	B	Ank	Partner	227	0	NULL	NULL	$Frustra/Ankyrins/Ank/Chains/Fasta/3EU9_B.fasta	NULL	53	279	A8KA01	13	NULL	NULL	265
561	3EU9	C	Ank	Partner	226	0	NULL	NULL	$Frustra/Ankyrins/Ank/Chains/Fasta/3EU9_C.fasta	NULL	59	284	A8KA01	14	NULL	NULL	265
597	3F6Q	A	Ank	Ank	169	0	NULL	NULL	$Frustra/Ankyrins/Ank/Chains/Fasta/3F6Q_A.fasta	NULL	2	170	Q13418	10	NULL	NULL	283
598	3F6Q	B	Ank	Partner	72	NULL	NULL	NULL	$Frustra/Ankyrins/Ank/Chains/Fasta/3F6Q_B.fasta	NULL	1	68	P48059	0	NULL	NULL	283
980	3HG0	A	Ank	Partner	137	NULL	NULL	NULL	$Frustra/Ankyrins/Ank/Chains/Fasta/3HG0_A.fasta	NULL	33	169	Q9G096	32	NULL	NULL	406
981	3HG0	B	Ank	Partner	130	NULL	NULL	NULL	$Frustra/Ankyrins/Ank/Chains/Fasta/3HG0_B.fasta	NULL	34	163	Q9G096	39	NULL	NULL	406
982	3HG0	C	Ank	Partner	132	NULL	NULL	NULL	$Frustra/Ankyrins/Ank/Chains/Fasta/3HG0_C.fasta	NULL	32	163	Q9G096	37	NULL	NULL	406
983	3HG0	D	Ank	Ank	124	4	NULL	NULL	$Frustra/Ankyrins/Ank/Chains/Fasta/3HG0_D.fasta	NULL	12	135	DARPIN_20	12	true	Darpin	406
1000	3HRA	A	Ank	Ank	199	6	NULL	NULL	$Frustra/Ankyrins/Ank/Chains/Fasta/3HRA_A.fasta	NULL	3	201	Q838Q8	2	true	NULL	418
601	3IXE	A	Ank	Ank	171	0	NULL	NULL	$Frustra/Ankyrins/Ank/Chains/Fasta/3IXE_A.fasta	NULL	1	166	Q13418	8	trueComplex	NULL	285
602	3IXE	B	Ank	Partner	70	NULL	NULL	NULL	$Frustra/Ankyrins/Ank/Chains/Fasta/3IXE_B.fasta	NULL	1	68	Q7Z4I7	2	NULL	NULL	285
660	3JUE	B	Ank	Ank	254	5	NULL	NULL	$Frustra/Ankyrins/Ank/Chains/Fasta/3JUE_B.fasta	NULL	404	701	Q15027	114	true	NULL	306
1114	3JUE	A	Ank	Ank	250	NULL	NULL	NULL	$Frustra/Ankyrins/Ank/Chains/Fasta/3JUE_A.fasta	NULL	404	697	Q15027	118	NULL	NULL	306
562	3JXI	A	Ank	Ank	253	6	NULL	NULL	$Frustra/Ankyrins/Ank/Chains/Fasta/3JXI_A.fasta	NULL	132	384	Q9DFS3	7	true	NULL	266
563	3JXI	B	Ank	Ank	256	0	NULL	NULL	$Frustra/Ankyrins/Ank/Chains/Fasta/3JXI_B.fasta	NULL	132	387	Q9DFS3	4	NULL	NULL	266
564	3JXI	C	Ank	Ank	249	0	NULL	NULL	$Frustra/Ankyrins/Ank/Chains/Fasta/3JXI_C.fasta	NULL	132	388	Q9DFS3	11	NULL	NULL	266
565	3JXI	D	Ank	Ank	249	0	NULL	NULL	$Frustra/Ankyrins/Ank/Chains/Fasta/3JXI_D.fasta	NULL	132	388	Q9DFS3	11	NULL	NULL	266
566	3JXJ	A	Ank	Ank	257	6	NULL	NULL	$Frustra/Ankyrins/Ank/Chains/Fasta/3JXJ_A.fasta	NULL	132	388	Q9DFS3	3	NULL	NULL	267
567	3JXJ	B	Ank	Ank	249	0	NULL	NULL	$Frustra/Ankyrins/Ank/Chains/Fasta/3JXJ_B.fasta	NULL	132	387	Q9DFS3	11	NULL	NULL	267
603	3KEA	A	Ank	Ank	282	1	NULL	NULL	$Frustra/Ankyrins/Ank/Chains/Fasta/3KEA_A.fasta	NULL	0	282	Q6IV60	2	NULL	NULL	286
604	3KEA	B	Ank	Ank	282	7	NULL	NULL	$Frustra/Ankyrins/Ank/Chains/Fasta/3KEA_B.fasta	NULL	1	282	Q6IV60	2	true	NULL	286
1001	3LJN	A	Ank	Ank	292	0	NULL	NULL	$Frustra/Ankyrins/Ank/Chains/Fasta/3LJN_A.fasta	NULL	12	315	E9ADW8	60	true	NULL	419
610	3LVQ	E	Ank	Ank	420	4	NULL	NULL	$Frustra/Ankyrins/Ank/Chains/Fasta/3LVQ_E.fasta	NULL	423	679	Q8TDY4	77	true	NULL	287
611	3LVR	E	Ank	Ank	419	0	NULL	NULL	$Frustra/Ankyrins/Ank/Chains/Fasta/3LVR_E.fasta	NULL	423	174	Q8TDY4	78	NULL	NULL	288
1115	3NBN	X	Ank	NucleicAcid	37	NULL	NULL	NULL	$Frustra/Ankyrins/Ank/Chains/Fasta/3NBN_X.fasta	NULL	NULL	NULL	DNA	NULL	NULL	NULL	307
1116	3NBN	Y	Ank	NucleicAcid	37	NULL	NULL	NULL	$Frustra/Ankyrins/Ank/Chains/Fasta/3NBN_Y.fasta	NULL	NULL	NULL	DNA	NULL	NULL	NULL	307
1117	3NBN	A	Ank	Partner	423	NULL	NULL	NULL	$Frustra/Ankyrins/Ank/Chains/Fasta/3NBN_A.fasta	NULL	12	434	Q06330	10	NULL	NULL	307
1118	3NBN	B	Ank	Ank	196	NULL	NULL	NULL	$Frustra/Ankyrins/Ank/Chains/Fasta/3NBN_B.fasta	NULL	924	119	P46531	60	NULL	NULL	307
1119	3NBN	C	Ank	Partner	55	NULL	NULL	NULL	$Frustra/Ankyrins/Ank/Chains/Fasta/3NBN_C.fasta	NULL	16	70	Q92585	8	NULL	NULL	307
1120	3NBN	D	Ank	Partner	423	NULL	NULL	NULL	$Frustra/Ankyrins/Ank/Chains/Fasta/3NBN_D.fasta	NULL	12	434	Q06330	10	NULL	NULL	307
1121	3NBN	E	Ank	Ank	196	NULL	NULL	NULL	$Frustra/Ankyrins/Ank/Chains/Fasta/3NBN_E.fasta	NULL	924	119	P46531	60	NULL	NULL	307
1122	3NBN	F	Ank	Partner	55	NULL	NULL	NULL	$Frustra/Ankyrins/Ank/Chains/Fasta/3NBN_F.fasta	NULL	16	70	Q92585	8	NULL	NULL	307
662	3NOC	A	Ank	Partner	1027	NULL	NULL	NULL	$Frustra/Ankyrins/Ank/Chains/Fasta/3NOC_A.fasta	NULL	2	44	P31224	21	NULL	NULL	308
663	3NOC	B	Ank	Partner	1025	NULL	NULL	NULL	$Frustra/Ankyrins/Ank/Chains/Fasta/3NOC_B.fasta	NULL	2	33	P31224	23	NULL	NULL	308
664	3NOC	C	Ank	Partner	1033	NULL	NULL	NULL	$Frustra/Ankyrins/Ank/Chains/Fasta/3NOC_C.fasta	NULL	2	34	P31224	15	NULL	NULL	308
1129	3NOC	D	Ank	Ank	154	NULL	NULL	NULL	$Frustra/Ankyrins/Ank/Chains/Fasta/3NOC_D.fasta	NULL	13	166	3noc_D	15	NULL	Darpin	308
1130	3NOC	E	Ank	Ank	152	NULL	NULL	NULL	$Frustra/Ankyrins/Ank/Chains/Fasta/3NOC_E.fasta	NULL	14	165	3noc_E	17	NULL	Darpin	308
665	3NOG	A	Ank	Partner	1011	NULL	NULL	NULL	$Frustra/Ankyrins/Ank/Chains/Fasta/3NOG_A.fasta	NULL	2	33	P31224	37	NULL	NULL	309
666	3NOG	B	Ank	Partner	1027	NULL	NULL	NULL	$Frustra/Ankyrins/Ank/Chains/Fasta/3NOG_B.fasta	NULL	2	33	P31224	21	NULL	NULL	309
667	3NOG	C	Ank	Partner	1039	NULL	NULL	NULL	$Frustra/Ankyrins/Ank/Chains/Fasta/3NOG_C.fasta	NULL	2	40	P31224	9	NULL	NULL	309
1131	3NOG	D	Ank	Ank	154	NULL	NULL	NULL	$Frustra/Ankyrins/Ank/Chains/Fasta/3NOG_D.fasta	NULL	13	166	3nog_D	15	NULL	Darpin	309
1132	3NOG	E	Ank	Ank	151	NULL	NULL	NULL	$Frustra/Ankyrins/Ank/Chains/Fasta/3NOG_E.fasta	NULL	13	166	3nog_E	18	NULL	Darpin	309
668	3P3N	A	Ank	Partner	341	NULL	NULL	NULL	$Frustra/Ankyrins/Ank/Chains/Fasta/3P3N_A.fasta	NULL	9	349	Q9NWT6	8	NULL	NULL	310
669	3P3N	B	Ank	Peptide	10	0	NULL	NULL	$Frustra/Ankyrins/Ank/Chains/Fasta/3P3N_B.fasta	NULL	1936	1945	Q01705	10	NULL		310
670	3P3P	A	Ank	Partner	341	NULL	NULL	NULL	$Frustra/Ankyrins/Ank/Chains/Fasta/3P3P_A.fasta	NULL	9	349	Q9NWT6	8	NULL	NULL	311
671	3P3P	B	Ank	Peptide	13	0	NULL	NULL	$Frustra/Ankyrins/Ank/Chains/Fasta/3P3P_B.fasta	NULL	199	211	Q01705	5	NULL		311
1133	3Q9N	A	Ank	Ank	138	NULL	NULL	NULL	$Frustra/Ankyrins/Ank/Chains/Fasta/3Q9N_A.fasta	NULL	1	140	3q9n_A	3	NULL	Darpin	312
1134	3Q9N	B	Ank	Ank	135	NULL	NULL	NULL	$Frustra/Ankyrins/Ank/Chains/Fasta/3Q9N_B.fasta	NULL	1	139	3q9n_B	6	NULL	Darpin	312
1135	3Q9N	C	Ank	Ank	157	NULL	NULL	NULL	$Frustra/Ankyrins/Ank/Chains/Fasta/3Q9N_C.fasta	NULL	1	154	3q9n_C	1	NULL	Darpin	312
1136	3Q9N	D	Ank	Ank	158	NULL	NULL	NULL	$Frustra/Ankyrins/Ank/Chains/Fasta/3Q9N_D.fasta	NULL	1	154	3q9n_D	0	NULL	Darpin	312
1137	3Q9U	A	Ank	Ank	138	NULL	NULL	NULL	$Frustra/Ankyrins/Ank/Chains/Fasta/3Q9U_A.fasta	NULL	1	140	3q9u_A	3	NULL	Darpin	313
1138	3Q9U	B	Ank	Ank	136	NULL	NULL	NULL	$Frustra/Ankyrins/Ank/Chains/Fasta/3Q9U_B.fasta	NULL	1	139	3q9u_B	5	NULL	Darpin	313
1139	3Q9U	C	Ank	Ank	157	NULL	NULL	NULL	$Frustra/Ankyrins/Ank/Chains/Fasta/3Q9U_C.fasta	NULL	1	154	3q9u_C	1	NULL	Darpin	313
1140	3Q9U	D	Ank	Ank	158	NULL	NULL	NULL	$Frustra/Ankyrins/Ank/Chains/Fasta/3Q9U_D.fasta	NULL	1	154	3q9u_D	0	NULL	Darpin	313
672	3SO8	A	Ank	Ank	162	5	NULL	NULL	$Frustra/Ankyrins/Ank/Chains/Fasta/3SO8_A.fasta	NULL	8	169	Q9H9E1	0	true	NULL	314
679	3TWQ	A	Ank	Ank	164	5	NULL	NULL	$Frustra/Ankyrins/Ank/Chains/Fasta/3TWQ_A.fasta	NULL	481	644	Q9H2K2	11	true	NULL	316
680	3TWQ	B	Ank	Ank	164	0	NULL	NULL	$Frustra/Ankyrins/Ank/Chains/Fasta/3TWQ_B.fasta	NULL	481	644	Q9H2K2	11	NULL	NULL	316
681	3TWR	A	Ank	Ank	157	0	NULL	NULL	$Frustra/Ankyrins/Ank/Chains/Fasta/3TWR_A.fasta	NULL	490	646	Q9H2K2	8	NULL	NULL	317
682	3TWR	B	Ank	Ank	157	5	NULL	NULL	$Frustra/Ankyrins/Ank/Chains/Fasta/3TWR_B.fasta	NULL	488	644	Q9H2K2	8	NULL	NULL	317
683	3TWR	C	Ank	Ank	158	0	NULL	NULL	$Frustra/Ankyrins/Ank/Chains/Fasta/3TWR_C.fasta	NULL	488	645	Q9H2K2	7	NULL	NULL	317
684	3TWR	D	Ank	Ank	158	0	NULL	NULL	$Frustra/Ankyrins/Ank/Chains/Fasta/3TWR_D.fasta	NULL	487	644	Q9H2K2	7	NULL	NULL	317
685	3TWR	E	Ank	Peptide	12	NULL	NULL	NULL	$Frustra/Ankyrins/Ank/Chains/Fasta/3TWR_E.fasta	NULL	4	15	P78314	3	NULL		317
686	3TWR	F	Ank	Peptide	12	NULL	NULL	NULL	$Frustra/Ankyrins/Ank/Chains/Fasta/3TWR_F.fasta	NULL	4	15	P78314	3	NULL	NULL	317
687	3TWR	G	Ank	Peptide	10	NULL	NULL	NULL	$Frustra/Ankyrins/Ank/Chains/Fasta/3TWR_G.fasta	NULL	6	15	P78314	5	NULL	NULL	317
688	3TWR	H	Ank	Peptide	11	NULL	NULL	NULL	$Frustra/Ankyrins/Ank/Chains/Fasta/3TWR_H.fasta	NULL	5	15	P78314	4	NULL	NULL	317
689	3TWS	A	Ank	Ank	157	0	NULL	NULL	$Frustra/Ankyrins/Ank/Chains/Fasta/3TWS_A.fasta	NULL	490	646	Q9H2K2	8	NULL	NULL	318
690	3TWS	B	Ank	Ank	157	0	NULL	NULL	$Frustra/Ankyrins/Ank/Chains/Fasta/3TWS_B.fasta	NULL	488	644	Q9H2K2	8	NULL	NULL	318
691	3TWS	C	Ank	Ank	156	0	NULL	NULL	$Frustra/Ankyrins/Ank/Chains/Fasta/3TWS_C.fasta	NULL	490	645	Q9H2K2	9	NULL	NULL	318
692	3TWS	D	Ank	Ank	155	0	NULL	NULL	$Frustra/Ankyrins/Ank/Chains/Fasta/3TWS_D.fasta	NULL	490	644	Q9H2K2	10	NULL	NULL	318
1145	3TWS	E	Ank	Peptide	13	NULL	NULL	NULL	$Frustra/Ankyrins/Ank/Chains/Fasta/3TWS_E.fasta	NULL	3	15	3tws_E	2	NULL	NULL	318
1146	3TWS	F	Ank	Peptide	11	NULL	NULL	NULL	$Frustra/Ankyrins/Ank/Chains/Fasta/3TWS_F.fasta	NULL	5	15	3tws_F	4	NULL	NULL	318
1147	3TWS	G	Ank	Peptide	10	NULL	NULL	NULL	$Frustra/Ankyrins/Ank/Chains/Fasta/3TWS_G.fasta	NULL	6	15	3tws_G	5	NULL	NULL	318
1148	3TWS	H	Ank	Peptide	10	NULL	NULL	NULL	$Frustra/Ankyrins/Ank/Chains/Fasta/3TWS_H.fasta	NULL	6	15	3tws_H	5	NULL	NULL	318
693	3TWT	A	Ank	Ank	156	0	NULL	NULL	$Frustra/Ankyrins/Ank/Chains/Fasta/3TWT_A.fasta	NULL	489	644	Q9H2K2	9	NULL	NULL	319
694	3TWT	B	Ank	Ank	155	0	NULL	NULL	$Frustra/Ankyrins/Ank/Chains/Fasta/3TWT_B.fasta	NULL	488	644	Q9H2K2	10	NULL	NULL	319
695	3TWT	C	Ank	Ank	160	0	NULL	NULL	$Frustra/Ankyrins/Ank/Chains/Fasta/3TWT_C.fasta	NULL	485	644	Q9H2K2	5	NULL	NULL	319
696	3TWT	D	Ank	Ank	160	0	NULL	NULL	$Frustra/Ankyrins/Ank/Chains/Fasta/3TWT_D.fasta	NULL	485	644	Q9H2K2	5	NULL	NULL	319
1149	3TWT	E	Ank	Peptide	11	NULL	NULL	NULL	$Frustra/Ankyrins/Ank/Chains/Fasta/3TWT_E.fasta	NULL	5	15	3twt_E	4	NULL	NULL	319
1150	3TWT	F	Ank	Peptide	12	NULL	NULL	NULL	$Frustra/Ankyrins/Ank/Chains/Fasta/3TWT_F.fasta	NULL	4	15	3twt_F	3	NULL	NULL	319
1151	3TWT	G	Ank	Peptide	15	NULL	NULL	NULL	$Frustra/Ankyrins/Ank/Chains/Fasta/3TWT_G.fasta	NULL	1	15	3twt_G	0	NULL	NULL	319
1152	3TWT	H	Ank	Peptide	14	NULL	NULL	NULL	$Frustra/Ankyrins/Ank/Chains/Fasta/3TWT_H.fasta	NULL	2	15	3twt_H	1	NULL	NULL	319
697	3TWU	A	Ank	Ank	160	0	NULL	NULL	$Frustra/Ankyrins/Ank/Chains/Fasta/3TWU_A.fasta	NULL	489	648	Q9H2K2	7	NULL	NULL	320
698	3TWU	B	Ank	Peptide	12	NULL	NULL	NULL	$Frustra/Ankyrins/Ank/Chains/Fasta/3TWU_B.fasta	NULL	4	15	Q07820	3	NULL	NULL	320
699	3TWV	A	Ank	Ank	155	0	NULL	NULL	$Frustra/Ankyrins/Ank/Chains/Fasta/3TWV_A.fasta	NULL	490	644	Q9H2K2	10	NULL	NULL	321
700	3TWV	B	Ank	Ank	157	0	NULL	NULL	$Frustra/Ankyrins/Ank/Chains/Fasta/3TWV_B.fasta	NULL	488	644	Q9H2K2	8	NULL	NULL	321
701	3TWV	C	Ank	Ank	157	0	NULL	NULL	$Frustra/Ankyrins/Ank/Chains/Fasta/3TWV_C.fasta	NULL	488	644	Q9H2K2	8	NULL	NULL	321
702	3TWV	D	Ank	Ank	156	0	NULL	NULL	$Frustra/Ankyrins/Ank/Chains/Fasta/3TWV_D.fasta	NULL	489	644	Q9H2K2	9	NULL	NULL	321
1153	3TWV	E	Ank	Peptide	11	NULL	NULL	NULL	$Frustra/Ankyrins/Ank/Chains/Fasta/3TWV_E.fasta	NULL	5	15	3twv_E	4	NULL	NULL	321
1154	3TWV	F	Ank	Peptide	10	NULL	NULL	NULL	$Frustra/Ankyrins/Ank/Chains/Fasta/3TWV_F.fasta	NULL	6	15	3twv_F	5	NULL	NULL	321
1155	3TWV	G	Ank	Peptide	12	NULL	NULL	NULL	$Frustra/Ankyrins/Ank/Chains/Fasta/3TWV_G.fasta	NULL	4	15	3twv_G	3	NULL	NULL	321
1156	3TWV	H	Ank	Peptide	10	NULL	NULL	NULL	$Frustra/Ankyrins/Ank/Chains/Fasta/3TWV_H.fasta	NULL	6	15	3twv_H	5	NULL	NULL	321
703	3TWW	A	Ank	Ank	157	0	NULL	NULL	$Frustra/Ankyrins/Ank/Chains/Fasta/3TWW_A.fasta	NULL	488	644	Q9H2K2	8	NULL	NULL	322
704	3TWW	B	Ank	Ank	157	0	NULL	NULL	$Frustra/Ankyrins/Ank/Chains/Fasta/3TWW_B.fasta	NULL	487	643	Q9H2K2	8	NULL	NULL	322
1157	3TWW	C	Ank	Peptide	11	NULL	NULL	NULL	$Frustra/Ankyrins/Ank/Chains/Fasta/3TWW_C.fasta	NULL	5	15	3tww_C	4	NULL	NULL	322
1158	3TWW	D	Ank	Peptide	10	NULL	NULL	NULL	$Frustra/Ankyrins/Ank/Chains/Fasta/3TWW_D.fasta	NULL	6	15	3tww_D	5	NULL	NULL	322
705	3TWX	A	Ank	Ank	158	0	NULL	NULL	$Frustra/Ankyrins/Ank/Chains/Fasta/3TWX_A.fasta	NULL	487	644	Q9H2K2	7	NULL	NULL	323
706	3TWX	B	Ank	Ank	158	0	NULL	NULL	$Frustra/Ankyrins/Ank/Chains/Fasta/3TWX_B.fasta	NULL	487	644	Q9H2K2	7	NULL	NULL	323
1159	3TWX	C	Ank	Peptide	11	NULL	NULL	NULL	$Frustra/Ankyrins/Ank/Chains/Fasta/3TWX_C.fasta	NULL	5	15	3twx_C	4	NULL	NULL	323
1160	3TWX	D	Ank	Peptide	11	NULL	NULL	NULL	$Frustra/Ankyrins/Ank/Chains/Fasta/3TWX_D.fasta	NULL	5	15	3twx_D	4	NULL	NULL	323
707	3UI2	A	Ank	Ank	234	0	NULL	NULL	$Frustra/Ankyrins/Ank/Chains/Fasta/3UI2_A.fasta	NULL	85	318	O22265	10	NULL	NULL	324
708	3UI2	B	Ank	Peptide	13	NULL	NULL	NULL	$Frustra/Ankyrins/Ank/Chains/Fasta/3UI2_B.fasta	NULL	528	540	P37107	0	NULL	NULL	324
709	3UTM	A	Ank	Ank	320	10	NULL	NULL	$Frustra/Ankyrins/Ank/Chains/Fasta/3UTM_A.fasta	NULL	316	635	Q6PFX9	31	true	NULL	325
710	3UTM	B	Ank	Ank	307	0	NULL	NULL	$Frustra/Ankyrins/Ank/Chains/Fasta/3UTM_B.fasta	NULL	328	634	Q6PFX9	44	NULL	NULL	325
711	3UTM	C	Ank	Peptide	32	NULL	NULL	NULL	$Frustra/Ankyrins/Ank/Chains/Fasta/3UTM_C.fasta	NULL	18	78	O35625	51	NULL	NULL	325
712	3UXG	A	Ank	Ank	163	5	NULL	NULL	$Frustra/Ankyrins/Ank/Chains/Fasta/3UXG_A.fasta	NULL	91	253	O14593	9	true	NULL	326
713	3UXG	B	Ank	Peptide	16	NULL	NULL	NULL	$Frustra/Ankyrins/Ank/Chains/Fasta/3UXG_B.fasta	NULL	344	359	P56524	1	NULL	NULL	326
714	3V2O	A	Ank	Ank	158	5	NULL	NULL	$Frustra/Ankyrins/Ank/Chains/Fasta/3V2O_A.fasta	NULL	151	308	Q9H9E1	25	NULL	NULL	327
715	3V2O	B	Ank	Peptide	11	NULL	NULL	NULL	$Frustra/Ankyrins/Ank/Chains/Fasta/3V2O_B.fasta	NULL	9	19	P98158	8	NULL	NULL	327
716	3V2X	A	Ank	Ank	166	0	NULL	NULL	$Frustra/Ankyrins/Ank/Chains/Fasta/3V2X_A.fasta	NULL	147	312	Q9H9E1	1	NULL	NULL	328
717	3V2X	B	Ank	Peptide	11	NULL	NULL	NULL	$Frustra/Ankyrins/Ank/Chains/Fasta/3V2X_B.fasta	NULL	1	11	P98158	0	NULL	NULL	328
718	3V30	A	Ank	Ank	161	0	NULL	NULL	$Frustra/Ankyrins/Ank/Chains/Fasta/3V30_A.fasta	NULL	92	252	O14593	11	NULL	NULL	329
719	3V30	B	Ank	Peptide	16	NULL	NULL	NULL	$Frustra/Ankyrins/Ank/Chains/Fasta/3V30_B.fasta	NULL	2	17	P48382	1	NULL	NULL	329
720	3V31	A	Ank	Ank	166	0	NULL	NULL	$Frustra/Ankyrins/Ank/Chains/Fasta/3V31_A.fasta	NULL	147	312	Q9H9E1	1	NULL	NULL	330
721	3V31	B	Ank	Peptide	17	NULL	NULL	NULL	$Frustra/Ankyrins/Ank/Chains/Fasta/3V31_B.fasta	NULL	1	17	P56524	0	NULL	NULL	330
1002	3V79	C	Ank	Partner	424	NULL	NULL	NULL	$Frustra/Ankyrins/Ank/Chains/Fasta/3V79_C.fasta	NULL	11	434	Q06330	10	NULL	NULL	420
1003	3V79	K	Ank	Ank	218	0	NULL	NULL	$Frustra/Ankyrins/Ank/Chains/Fasta/3V79_K.fasta	NULL	1884	2120	P46531	38	NULL	NULL	420
1004	3V79	M	Ank	Partner	55	NULL	NULL	NULL	$Frustra/Ankyrins/Ank/Chains/Fasta/3V79_M.fasta	NULL	16	70	Q92585	8	NULL	NULL	420
1185	3V79	X	Ank	NucleicAcid	18	NULL	NULL	NULL	$Frustra/Ankyrins/Ank/Chains/Fasta/3V79_X.fasta	NULL	NULL	NULL	DNA	NULL	NULL	NULL	420
1186	3V79	Y	Ank	NucleicAcid	18	NULL	NULL	NULL	$Frustra/Ankyrins/Ank/Chains/Fasta/3V79_Y.fasta	NULL	NULL	NULL	DNA	NULL	NULL	NULL	420
1187	3V79	R	Ank	Peptide	19	NULL	NULL	NULL	$Frustra/Ankyrins/Ank/Chains/Fasta/3V79_R.fasta	NULL	936	954	3v79_R	0	NULL	Darpin	420
1005	3ZKJ	A	Ank	Ank	257	0	NULL	NULL	$Frustra/Ankyrins/Ank/Chains/Fasta/3ZKJ_A.fasta	NULL	37	294	Q96DX5	4	trueComplex	NULL	421
1006	3ZKJ	B	Ank	Partner	82	NULL	NULL	NULL	$Frustra/Ankyrins/Ank/Chains/Fasta/3ZKJ_B.fasta	NULL	18	112	Q15369	14	NULL	NULL	421
1007	3ZKJ	C	Ank	Partner	70	NULL	NULL	NULL	$Frustra/Ankyrins/Ank/Chains/Fasta/3ZKJ_C.fasta	NULL	2	105	Q15370	48	NULL	NULL	421
1008	3ZKJ	D	Ank	Ank	259	0	NULL	NULL	$Frustra/Ankyrins/Ank/Chains/Fasta/3ZKJ_D.fasta	NULL	36	294	Q96DX5	2	NULL	NULL	421
1009	3ZKJ	E	Ank	Partner	81	NULL	NULL	NULL	$Frustra/Ankyrins/Ank/Chains/Fasta/3ZKJ_E.fasta	NULL	18	112	Q15369	15	NULL	NULL	421
1010	3ZKJ	F	Ank	Partner	105	NULL	NULL	NULL	$Frustra/Ankyrins/Ank/Chains/Fasta/3ZKJ_F.fasta	NULL	2	106	Q15370	13	NULL	NULL	421
728	3ZU7	A	Ank	Partner	344	NULL	NULL	NULL	$Frustra/Ankyrins/Ank/Chains/Fasta/3ZU7_A.fasta	NULL	10	353	P63086	21	NULL	NULL	332
1161	3ZU7	B	Ank	Ank	154	NULL	NULL	NULL	$Frustra/Ankyrins/Ank/Chains/Fasta/3ZU7_B.fasta	NULL	13	166	3zu7_B	15	NULL	Darpin	332
729	3ZUV	A	Ank	Partner	357	NULL	NULL	NULL	$Frustra/Ankyrins/Ank/Chains/Fasta/3ZUV_A.fasta	NULL	1	358	P63086	5	NULL	NULL	333
730	3ZUV	C	Ank	Partner	357	NULL	NULL	NULL	$Frustra/Ankyrins/Ank/Chains/Fasta/3ZUV_C.fasta	NULL	1	358	P63086	5	NULL	NULL	333
1162	3ZUV	B	Ank	Ank	122	NULL	NULL	NULL	$Frustra/Ankyrins/Ank/Chains/Fasta/3ZUV_B.fasta	NULL	13	134	3zuv_B	14	NULL	Darpin	333
1163	3ZUV	D	Ank	Ank	122	NULL	NULL	NULL	$Frustra/Ankyrins/Ank/Chains/Fasta/3ZUV_D.fasta	NULL	12	133	3zuv_D	14	NULL	Darpin	333
731	4A63	A	Ank	Partner	205	NULL	NULL	NULL	$Frustra/Ankyrins/Ank/Chains/Fasta/4A63_A.fasta	NULL	114	318	O15350	3	NULL	NULL	334
732	4A63	B	Ank	Ank	202	0	NULL	NULL	$Frustra/Ankyrins/Ank/Chains/Fasta/4A63_B.fasta	NULL	920	121	Q13625	37	NULL	NULL	334
733	4A63	C	Ank	Partner	205	NULL	NULL	NULL	$Frustra/Ankyrins/Ank/Chains/Fasta/4A63_C.fasta	NULL	114	318	O15350	3	NULL	NULL	334
734	4A63	D	Ank	Ank	196	0	NULL	NULL	$Frustra/Ankyrins/Ank/Chains/Fasta/4A63_D.fasta	NULL	925	120	Q13625	43	NULL	NULL	334
735	4A63	E	Ank	Partner	205	NULL	NULL	NULL	$Frustra/Ankyrins/Ank/Chains/Fasta/4A63_E.fasta	NULL	114	318	O15350	3	NULL	NULL	334
736	4A63	F	Ank	Ank	197	0	NULL	NULL	$Frustra/Ankyrins/Ank/Chains/Fasta/4A63_F.fasta	NULL	925	121	Q13625	42	NULL	NULL	334
737	4A63	G	Ank	Partner	205	NULL	NULL	NULL	$Frustra/Ankyrins/Ank/Chains/Fasta/4A63_G.fasta	NULL	114	318	O15350	3	NULL	NULL	334
738	4A63	H	Ank	Ank	198	0	NULL	NULL	$Frustra/Ankyrins/Ank/Chains/Fasta/4A63_H.fasta	NULL	923	120	Q13625	41	NULL	NULL	334
739	4A63	I	Ank	Partner	205	NULL	NULL	NULL	$Frustra/Ankyrins/Ank/Chains/Fasta/4A63_I.fasta	NULL	114	318	O15350	3	NULL	NULL	334
740	4A63	J	Ank	Ank	200	0	NULL	NULL	$Frustra/Ankyrins/Ank/Chains/Fasta/4A63_J.fasta	NULL	923	122	Q13625	39	NULL	NULL	334
741	4A63	K	Ank	Partner	205	NULL	NULL	NULL	$Frustra/Ankyrins/Ank/Chains/Fasta/4A63_K.fasta	NULL	114	318	O15350	3	NULL	NULL	334
742	4A63	L	Ank	Ank	196	0	NULL	NULL	$Frustra/Ankyrins/Ank/Chains/Fasta/4A63_L.fasta	NULL	925	120	Q13625	43	NULL	NULL	334
743	4ATZ	A	Ank	Partner	182	NULL	NULL	NULL	$Frustra/Ankyrins/Ank/Chains/Fasta/4ATZ_A.fasta	NULL	400	581	P11818	19	NULL	NULL	335
744	4ATZ	B	Ank	Partner	171	NULL	NULL	NULL	$Frustra/Ankyrins/Ank/Chains/Fasta/4ATZ_B.fasta	NULL	399	581	P11818	30	NULL	NULL	335
745	4ATZ	C	Ank	Partner	176	NULL	NULL	NULL	$Frustra/Ankyrins/Ank/Chains/Fasta/4ATZ_C.fasta	NULL	397	581	P11818	25	NULL	NULL	335
1164	4ATZ	D	Ank	Ank	154	NULL	NULL	NULL	$Frustra/Ankyrins/Ank/Chains/Fasta/4ATZ_D.fasta	NULL	13	166	4atz_D	0	NULL	Darpin	335
1165	4ATZ	E	Ank	Ank	154	NULL	NULL	NULL	$Frustra/Ankyrins/Ank/Chains/Fasta/4ATZ_E.fasta	NULL	13	166	4atz_E	0	NULL	Darpin	335
1166	4ATZ	F	Ank	Ank	152	NULL	NULL	NULL	$Frustra/Ankyrins/Ank/Chains/Fasta/4ATZ_F.fasta	NULL	15	166	4atz_F	2	NULL	Darpin	335
746	4B7E	A	Ank	Partner	349	NULL	NULL	NULL	$Frustra/Ankyrins/Ank/Chains/Fasta/4B7E_A.fasta	NULL	1	349	Q9NWT6	0	NULL	NULL	336
1167	4B7E	B	Ank	Peptide	17	NULL	NULL	NULL	$Frustra/Ankyrins/Ank/Chains/Fasta/4B7E_B.fasta	NULL	3	19	4b7e_B	0	NULL		336
747	4B7K	A	Ank	Partner	338	NULL	NULL	NULL	$Frustra/Ankyrins/Ank/Chains/Fasta/4B7K_A.fasta	NULL	12	349	Q9NWT6	11	NULL	NULL	337
1168	4B7K	B	Ank	Peptide	15	NULL	NULL	NULL	$Frustra/Ankyrins/Ank/Chains/Fasta/4B7K_B.fasta	NULL	4	18	4b7k_B	5	NULL		337
748	4B93	A	Ank	Partner	157	NULL	NULL	NULL	$Frustra/Ankyrins/Ank/Chains/Fasta/4B93_A.fasta	NULL	1	163	P70280	32	NULL	NULL	338
749	4B93	B	Ank	Ank	191	6	NULL	NULL	$Frustra/Ankyrins/Ank/Chains/Fasta/4B93_B.fasta	NULL	665	895	Q96NW4	78	true	NULL	338
1202	4BEP	A	Ank	Ank	467	NULL	NULL	NULL	$Frustra/Ankyrins/Ank/Chains/Fasta/4BEP_A.fasta	NULL	6	482	Q5ZXN6	34	NULL	NULL	422
1203	4BEP	B	Ank	Ank	453	NULL	NULL	NULL	$Frustra/Ankyrins/Ank/Chains/Fasta/4BEP_B.fasta	NULL	6	477	Q5ZXN6	48	NULL	NULL	422
1204	4BER	A	Ank	Ank	475	NULL	NULL	NULL	$Frustra/Ankyrins/Ank/Chains/Fasta/4BER_A.fasta	NULL	1	477	Q5ZXN6	9	NULL	NULL	424
1205	4BER	B	Ank	Ank	475	NULL	NULL	NULL	$Frustra/Ankyrins/Ank/Chains/Fasta/4BER_B.fasta	NULL	1	479	Q5ZXN6	9	NULL	NULL	424
1206	4BES	A	Ank	Ank	469	NULL	NULL	NULL	$Frustra/Ankyrins/Ank/Chains/Fasta/4BES_A.fasta	NULL	6	484	Q5ZXN6	15	NULL	NULL	426
1207	4BET	A	Ank	Ank	480	NULL	NULL	NULL	$Frustra/Ankyrins/Ank/Chains/Fasta/4BET_A.fasta	NULL	5	484	Q5ZXN6	32	true	NULL	427
1208	4BET	B	Ank	Ank	479	NULL	NULL	NULL	$Frustra/Ankyrins/Ank/Chains/Fasta/4BET_B.fasta	NULL	6	484	Q5ZXN6	33	NULL	NULL	427
1273	4BSZ	A	Ank	Partner	187	NULL	NULL	NULL	$Frustra/Ankyrins/Ank/Chains/Fasta/4BSZ_A.fasta	NULL	12	198	P05750	57	NULL	NULL	604
1274	4BSZ	B	Ank	Ank	150	NULL	NULL	NULL	$Frustra/Ankyrins/Ank/Chains/Fasta/4BSZ_B.fasta	NULL	7	156	P46683	52	true	NULL	604
750	4DRX	A	Ank	Partner	431	NULL	NULL	NULL	$Frustra/Ankyrins/Ank/Chains/Fasta/4DRX_A.fasta	NULL	2	437	D0VWZ0	6	NULL	NULL	339
751	4DRX	B	Ank	Partner	424	NULL	NULL	NULL	$Frustra/Ankyrins/Ank/Chains/Fasta/4DRX_B.fasta	NULL	1	441	D0VWY9	7	NULL	NULL	339
752	4DRX	C	Ank	Partner	421	NULL	NULL	NULL	$Frustra/Ankyrins/Ank/Chains/Fasta/4DRX_C.fasta	NULL	2	437	D0VWZ0	16	NULL	NULL	339
753	4DRX	D	Ank	Partner	431	NULL	NULL	NULL	$Frustra/Ankyrins/Ank/Chains/Fasta/4DRX_D.fasta	NULL	1	441	D0VWY9	0	NULL	NULL	339
1169	4DRX	E	Ank	Ank	156	NULL	NULL	NULL	$Frustra/Ankyrins/Ank/Chains/Fasta/4DRX_E.fasta	NULL	13	168	4drx_E	13	NULL	Darpin	339
1170	4DRX	F	Ank	Ank	155	NULL	NULL	NULL	$Frustra/Ankyrins/Ank/Chains/Fasta/4DRX_F.fasta	NULL	13	167	4drx_F	14	NULL	Darpin	339
1031	4DUI	A	Ank	Ank	164	0	NULL	NULL	$Frustra/Ankyrins/Ank/Chains/Fasta/4DUI_A.fasta	NULL	5	169	Darpin_D1	4	NULL	Darpin	431
612	4DX1	A	Ank	Ank	250	6	NULL	NULL	$Frustra/Ankyrins/Ank/Chains/Fasta/4DX1_A.fasta	NULL	148	397	Q9HBA0	9	true	NULL	289
613	4DX1	B	Ank	Ank	249	0	NULL	NULL	$Frustra/Ankyrins/Ank/Chains/Fasta/4DX1_B.fasta	NULL	148	396	Q9HBA0	10	NULL	NULL	289
756	4DX2	A	Ank	Ank	247	0	NULL	NULL	$Frustra/Ankyrins/Ank/Chains/Fasta/4DX2_A.fasta	NULL	148	394	Q9HBA0	12	NULL	NULL	341
757	4DX2	B	Ank	Ank	245	0	NULL	NULL	$Frustra/Ankyrins/Ank/Chains/Fasta/4DX2_B.fasta	NULL	148	392	Q9HBA0	14	NULL	NULL	341
758	4DX5	A	Ank	Partner	1044	NULL	NULL	NULL	$Frustra/Ankyrins/Ank/Chains/Fasta/4DX5_A.fasta	NULL	1	44	P31224	13	NULL	NULL	342
759	4DX5	B	Ank	Partner	1033	NULL	NULL	NULL	$Frustra/Ankyrins/Ank/Chains/Fasta/4DX5_B.fasta	NULL	1	33	P31224	24	NULL	NULL	342
760	4DX5	C	Ank	Partner	1033	NULL	NULL	NULL	$Frustra/Ankyrins/Ank/Chains/Fasta/4DX5_C.fasta	NULL	1	33	P31224	24	NULL	NULL	342
1171	4DX5	D	Ank	Ank	156	NULL	NULL	NULL	$Frustra/Ankyrins/Ank/Chains/Fasta/4DX5_D.fasta	NULL	11	166	4dx5_D	13	NULL	Darpin	342
1172	4DX5	E	Ank	Ank	152	NULL	NULL	NULL	$Frustra/Ankyrins/Ank/Chains/Fasta/4DX5_E.fasta	NULL	15	166	4dx5_E	17	NULL	Darpin	342
761	4DX6	A	Ank	Partner	1044	NULL	NULL	NULL	$Frustra/Ankyrins/Ank/Chains/Fasta/4DX6_A.fasta	NULL	1	44	P31224	13	NULL	NULL	343
762	4DX6	B	Ank	Partner	1033	NULL	NULL	NULL	$Frustra/Ankyrins/Ank/Chains/Fasta/4DX6_B.fasta	NULL	1	33	P31224	24	NULL	NULL	343
763	4DX6	C	Ank	Partner	1034	NULL	NULL	NULL	$Frustra/Ankyrins/Ank/Chains/Fasta/4DX6_C.fasta	NULL	1	34	P31224	23	NULL	NULL	343
764	4DX7	A	Ank	Partner	1042	NULL	NULL	NULL	$Frustra/Ankyrins/Ank/Chains/Fasta/4DX7_A.fasta	NULL	1	42	P31224	15	NULL	NULL	344
765	4DX7	B	Ank	Partner	1033	NULL	NULL	NULL	$Frustra/Ankyrins/Ank/Chains/Fasta/4DX7_B.fasta	NULL	1	33	P31224	24	NULL	NULL	344
766	4DX7	C	Ank	Partner	1036	NULL	NULL	NULL	$Frustra/Ankyrins/Ank/Chains/Fasta/4DX7_C.fasta	NULL	1	36	P31224	21	NULL	NULL	344
1173	4DX7	D	Ank	Ank	156	NULL	NULL	NULL	$Frustra/Ankyrins/Ank/Chains/Fasta/4DX7_D.fasta	NULL	11	166	4dx7_D	13	NULL	Darpin	344
1174	4DX7	E	Ank	Ank	152	NULL	NULL	NULL	$Frustra/Ankyrins/Ank/Chains/Fasta/4DX7_E.fasta	NULL	15	166	4dx7_E	17	NULL	Darpin	344
767	4F1P	A	Ank	Ank	247	5	NULL	NULL	$Frustra/Ankyrins/Ank/Chains/Fasta/4F1P_A.fasta	NULL	407	697	Q15027	121	NULL	NULL	345
768	4F1P	B	Ank	Ank	247	0	NULL	NULL	$Frustra/Ankyrins/Ank/Chains/Fasta/4F1P_B.fasta	NULL	407	697	Q15027	121	NULL	NULL	345
769	4F6R	A	Ank	Partner	437	NULL	NULL	NULL	$Frustra/Ankyrins/Ank/Chains/Fasta/4F6R_A.fasta	NULL	1	437	D0VWZ0	14	NULL	NULL	346
770	4F6R	B	Ank	Partner	431	NULL	NULL	NULL	$Frustra/Ankyrins/Ank/Chains/Fasta/4F6R_B.fasta	NULL	1	441	D0VWY9	14	NULL	NULL	346
1194	4F6R	C	Ank	Partner	64	NULL	NULL	NULL	$Frustra/Ankyrins/Ank/Chains/Fasta/4F6R_C.fasta	NULL	12	90	4f6r_C	23	NULL	Darpin	346
1195	4F6R	D	Ank	Ank	159	NULL	NULL	NULL	$Frustra/Ankyrins/Ank/Chains/Fasta/4F6R_D.fasta	NULL	11	169	4f6r_D	10	NULL	Darpin	346
773	4G8K	A	Ank	Ank	302	9	NULL	NULL	$Frustra/Ankyrins/Ank/Chains/Fasta/4G8K_A.fasta	NULL	21	327	Q05823	35	true	NULL	348
774	4G8K	B	Ank	Ank	298	0	NULL	NULL	$Frustra/Ankyrins/Ank/Chains/Fasta/4G8K_B.fasta	NULL	24	328	Q05823	39	NULL	NULL	348
775	4G8L	A	Ank	Ank	307	0	NULL	NULL	$Frustra/Ankyrins/Ank/Chains/Fasta/4G8L_A.fasta	NULL	16	325	Q05823	30	NULL	NULL	349
776	4G8L	B	Ank	Ank	294	0	NULL	NULL	$Frustra/Ankyrins/Ank/Chains/Fasta/4G8L_B.fasta	NULL	21	325	Q05823	43	NULL	NULL	349
777	4G8L	C	Ank	Ank	300	0	NULL	NULL	$Frustra/Ankyrins/Ank/Chains/Fasta/4G8L_C.fasta	NULL	15	325	Q05823	37	NULL	NULL	349
778	4G8L	D	Ank	Ank	294	0	NULL	NULL	$Frustra/Ankyrins/Ank/Chains/Fasta/4G8L_D.fasta	NULL	21	325	Q05823	43	NULL	NULL	349
1019	4GMR	A	Ank	Ank	167	5	NULL	NULL	$Frustra/Ankyrins/Ank/Chains/Fasta/4GMR_A.fasta	NULL	2	168	OR266	2	true	Darpin	428
1242	4GMR	B	Ank	Ank	162	NULL	NULL	NULL	$Frustra/Ankyrins/Ank/Chains/Fasta/4GMR_B.fasta	NULL	2	163	OR266	7	NULL	Darpin	428
1020	4GPM	A	Ank	Ank	157	5	NULL	NULL	$Frustra/Ankyrins/Ank/Chains/Fasta/4GPM_A.fasta	NULL	2	158	OR264	12	true	Darpin	429
1243	4GPM	B	Ank	Ank	157	NULL	NULL	NULL	$Frustra/Ankyrins/Ank/Chains/Fasta/4GPM_B.fasta	NULL	3	159	4gpm_B	12	NULL	Darpin	429
1249	4HBD	A	Ank	Ank	245	NULL	NULL	NULL	$Frustra/Ankyrins/Ank/Chains/Fasta/4HBD_A.fasta	NULL	588	832	Q63ZY3	31	true	NULL	596
1250	4HLL	A	Ank	Ank	154	NULL	NULL	NULL	$Frustra/Ankyrins/Ank/Chains/Fasta/4HLL_A.fasta	NULL	13	166	4hll_A	19	NULL	Darpin	597
1025	4HNA	D	Ank	Ank	159	0	NULL	NULL	$Frustra/Ankyrins/Ank/Chains/Fasta/4HNA_D.fasta	NULL	11	169	Darpin_D2	10	NULL	Darpin	430
1026	4HNA	A	Ank	Partner	430	NULL	NULL	NULL	$Frustra/Ankyrins/Ank/Chains/Fasta/4HNA_A.fasta	NULL	1	437	D0VWZ0	21	NULL	NULL	430
1027	4HNA	B	Ank	Partner	431	NULL	NULL	NULL	$Frustra/Ankyrins/Ank/Chains/Fasta/4HNA_B.fasta	NULL	1	441	D0VWY9	14	NULL	NULL	430
1029	4HNA	K	Ank	Partner	333	NULL	NULL	NULL	$Frustra/Ankyrins/Ank/Chains/Fasta/4HNA_K.fasta	NULL	5	337	P33176	16	NULL	NULL	430
1255	4HRL	A	Ank	Ank	162	NULL	NULL	NULL	$Frustra/Ankyrins/Ank/Chains/Fasta/4HRL_A.fasta	NULL	7	168	4hrl_A	9	NULL	Darpin	598
1256	4HRL	C	Ank	Partner	169	NULL	NULL	NULL	$Frustra/Ankyrins/Ank/Chains/Fasta/4HRL_C.fasta	NULL	2	191	P04626	29	NULL	NULL	598
1267	4HRM	B	Ank	Ank	123	NULL	NULL	NULL	$Frustra/Ankyrins/Ank/Chains/Fasta/4HRM_B.fasta	NULL	13	152	4hrm_B	49	NULL	NULL	601
1268	4HRM	D	Ank	Ank	119	NULL	NULL	NULL	$Frustra/Ankyrins/Ank/Chains/Fasta/4HRM_D.fasta	NULL	14	169	4hrm_D	53	NULL	NULL	601
1278	4HRM	A	Ank	Partner	139	NULL	NULL	NULL	$Frustra/Ankyrins/Ank/Chains/Fasta/4HRM_A.fasta	NULL	6	182	P04626	59	NULL	NULL	601
1279	4HRM	C	Ank	Partner	166	NULL	NULL	NULL	$Frustra/Ankyrins/Ank/Chains/Fasta/4HRM_C.fasta	NULL	2	191	P04626	32	NULL	NULL	601
1211	4HRN	A	Ank	Ank	121	NULL	NULL	NULL	$Frustra/Ankyrins/Ank/Chains/Fasta/4HRN_A.fasta	NULL	13	133	4hrn_A	15	NULL	Darpin	563
1212	4HRN	B	Ank	Ank	123	NULL	NULL	NULL	$Frustra/Ankyrins/Ank/Chains/Fasta/4HRN_B.fasta	NULL	13	135	4hrn_B	13	NULL	Darpin	563
1245	4HRN	C	Ank	Partner	71	NULL	NULL	NULL	$Frustra/Ankyrins/Ank/Chains/Fasta/4HRN_C.fasta	NULL	9	79	P04626	32	NULL	NULL	563
1246	4HRN	D	Ank	Partner	70	NULL	NULL	NULL	$Frustra/Ankyrins/Ank/Chains/Fasta/4HRN_D.fasta	NULL	9	78	P04626	33	NULL	NULL	563
1275	4J7W	A	Ank	Ank	157	NULL	NULL	NULL	$Frustra/Ankyrins/Ank/Chains/Fasta/4J7W_A.fasta	NULL	13	169	4j7w_A	12	NULL	NULL	607
1276	4J7W	B	Ank	Ank	157	NULL	NULL	NULL	$Frustra/Ankyrins/Ank/Chains/Fasta/4J7W_B.fasta	NULL	13	169	4j7w_B	12	NULL	NULL	607
1277	4J8Y	A	Ank	Ank	157	NULL	NULL	NULL	$Frustra/Ankyrins/Ank/Chains/Fasta/4J8Y_A.fasta	NULL	13	169	4j8y_A	12	NULL	NULL	608
1209	4JB8	A	Ank	Partner	143	NULL	NULL	NULL	$Frustra/Ankyrins/Ank/Chains/Fasta/4JB8_A.fasta	NULL	54	196	P55210	32	NULL	NULL	562
1210	4JB8	B	Ank	Ank	92	NULL	NULL	NULL	$Frustra/Ankyrins/Ank/Chains/Fasta/4JB8_B.fasta	NULL	211	302	4jb8_B	13	NULL	Darpin	562
