idStructure;PdbID;Keywords;Title;Date;Method;Resolution;idPubmed;NChains;OverallFrustration;SubGroup;MainRepeat;BU;BU_Comp
228;1NFI;COMPLEX (TRANSCRIPTION REG/ANK REPEAT);I-KAPPA-B-ALPHA/NF-KAPPA-B COMPLEX;1998-11-18;X-RAY DIFFRACTION;2.70;9865693;6;$Frustra/Ankyrin/Ank/Complexes/Frustraciones/1nfi.pdb.done/;Ank;NULL;3;CDE-ABF
229;1IKN;TRANSCRIPTION FACTOR;IKAPPABALPHA/NF-KAPPAB COMPLEX;1999-04-12;X-RAY DIFFRACTION;2.300;9865694;3;$Frustra/Ankyrin/Ank/Complexes/Frustraciones/1ikn.pdb.done/;Ank;NULL;3;ACD
230;1AP7;CELL CYCLE INHIBITOR;P19-INK4D FROM MOUSE, NMR, 20 STRUCTURES;1998-09-16;SOLUTION NMR;;9353127;1;$Frustra/Ankyrin/Ank/Complexes/Frustraciones/1ap7.pdb.done/;Ank;NULL;1;A
231;1BD8;TUMOR SUPPRESSOR;STRUCTURE OF CDK INHIBITOR P19INK4D;1998-10-14;X-RAY DIFFRACTION;1.8;9782052;1;$Frustra/Ankyrin/Ank/Complexes/Frustraciones/1bd8.pdb.done/;Ank;NULL;1;A
232;1BI8;COMPLEX (KINASE/INHIBITOR);MECHANISM OF G1 CYCLIN DEPENDENT KINASE INHIBITION FROM THE STRUCTURES CDK6-P19INK4D INHIBITOR COMPLEX;1999-01-13;X-RAY DIFFRACTION;2.8;9751050;4;$Frustra/Ankyrin/Ank/Complexes/Frustraciones/1bi8.pdb.done/;Ank;NULL;4;ABCD
233;1BLX;COMPLEX (INHIBITOR PROTEIN/KINASE);P19INK4D/CDK6 COMPLEX;1999-06-01;X-RAY DIFFRACTION;1.9;9751051;2;$Frustra/Ankyrin/Ank/Complexes/Frustraciones/1blx.pdb.done/;Ank;NULL;2;AB
235;1D9S;SIGNALING PROTEIN;TUMOR SUPPRESSOR P15(INK4B) STRUCTURE BY COMPARATIVE MODELING AND NMR DATA;2000-07-28;SOLUTION NMR;;10556039;1;$Frustra/Ankyrin/Ank/Complexes/Frustraciones/1d9s.pdb.done/;Ank;NULL;1;A
236;1G3N;cell cycle, signaling protein;STRUCTURE OF A P18(INK4C)-CDK6-K-CYCLIN TERNARY COMPLEX;2001-01-10;X-RAY DIFFRACTION;2.9;11124804;6;$Frustra/Ankyrin/Ank/Complexes/Frustraciones/1g3n.pdb.done/;Ank;NULL;3;ABC-EFG-ACEG-AEFB
237;1IHB;CELL CYCLE INHIBITOR;CRYSTAL STRUCTURE OF P18-INK4C(INK6);1998-12-02;X-RAY DIFFRACTION;1.95;9437433;2;$Frustra/Ankyrin/Ank/Complexes/Frustraciones/1ihb.pdb.done/;Ank;NULL;2;AB
238;1IXV;PROTEIN BINDING;Crystal Structure Analysis of homolog of oncoprotein gankyrin, an interactor of Rb and CDK4/6;2003-12-16;X-RAY DIFFRACTION;2.30;14583612;1;$Frustra/Ankyrin/Ank/Complexes/Frustraciones/1ixv.pdb.done/;Ank;NULL;1;A
239;1K1A;TRANSCRIPTION;Crystal structure of the ankyrin repeat domain of Bcl-3: a unique member of the IkappaB protein family;2001-11-21;X-RAY DIFFRACTION;1.86;11707390;1;$Frustra/Ankyrin/Ank/Complexes/Frustraciones/1k1a.pdb.done/;Ank;NULL;1;A
240;1K1B;TRANSCRIPTION;Crystal structure of the ankyrin repeat domain of Bcl-3: a unique member of the IkappaB protein family;2001-11-21;X-RAY DIFFRACTION;1.9;11707390;1;$Frustra/Ankyrin/Ank/Complexes/Frustraciones/1k1b.pdb.done/;Ank;NULL;1;A
241;1K3Z;TRANSCRIPTION;X-ray crystal structure of the IkBb/NF-kB p65 homodimer complex;2002-10-04;X-RAY DIFFRACTION;2.50;12686541;3;$Frustra/Ankyrin/Ank/Complexes/Frustraciones/1k3z.pdb.done/;Ank;NULL;3;ABD
242;1MX2;cell cycle inhibitor;Structure of F71N mutant of p18INK4c;2002-10-16;X-RAY DIFFRACTION;2.25;12370184;2;$Frustra/Ankyrin/Ank/Complexes/Frustraciones/1mx2.pdb.done/;Ank;NULL;1;A-B
243;1MX4;cell cycle inhibitor;Structure of p18INK4c (F82Q);2002-10-16;X-RAY DIFFRACTION;2.0;12370184;2;$Frustra/Ankyrin/Ank/Complexes/Frustraciones/1mx4.pdb.done/;Ank;NULL;1;A-B
244;1MX6;cell cycle inhibitor;Structure of p18INK4c (F92N);2002-10-16;X-RAY DIFFRACTION;2.0;12370184;2;$Frustra/Ankyrin/Ank/Complexes/Frustraciones/1mx6.pdb.done/;Ank;NULL;1;A-B
245;1N11;STRUCTURAL PROTEIN;D34 REGION OF HUMAN ANKYRIN-R AND LINKER;2002-12-11;X-RAY DIFFRACTION;2.70;12456646;1;$Frustra/Ankyrin/Ank/Complexes/Frustraciones/1n11.pdb.done/;Ank;NULL;1;A
246;1OT8;SIGNALING PROTEIN;Structure of the Ankyrin Domain of the Drosophila Notch Receptor;2003-10-28;X-RAY DIFFRACTION;2.00;14573873;3;$Frustra/Ankyrin/Ank/Complexes/Frustraciones/1ot8.pdb.done/;Ank;NULL;1;A-B-C
247;1OY3;DNA BINDING PROTEIN;CRYSTAL STRUCTURE OF AN IKBBETA/NF-KB P65 HOMODIMER COMPLEX;2003-05-20;X-RAY DIFFRACTION;2.05;12686541;3;$Frustra/Ankyrin/Ank/Complexes/Frustraciones/1oy3.pdb.done/;Ank;NULL;3;CBD
248;1QYM;ONCOPROTEIN;X-ray structure of human gankyrin;2003-11-18;X-RAY DIFFRACTION;2.80;14997555;1;$Frustra/Ankyrin/Ank/Complexes/Frustraciones/1qym.pdb.done/;Ank;NULL;1;A
249;1SW6;TRANSCRIPTION REGULATION;S. CEREVISIAE SWI6 ANKYRIN-REPEAT FRAGMENT;1999-09-15;X-RAY DIFFRACTION;2.10;10048928;2;$Frustra/Ankyrin/Ank/Complexes/Frustraciones/1sw6.pdb.done/;Ank;NULL;2;AB
250;1TR4;UNKNOWN FUNCTION;Solution structure of human oncogenic protein gankyrin;2004-11-16;SOLUTION NMR;;15379554;1;$Frustra/Ankyrin/Ank/Complexes/Frustraciones/1tr4.pdb.done/;Ank;NULL;1;A
251;1UOH;ONCOPROTEIN;HUMAN GANKYRIN;2003-10-30;X-RAY DIFFRACTION;2.00;14573599;1;$Frustra/Ankyrin/Ank/Complexes/Frustraciones/1uoh.pdb.done/;Ank;NULL;1;A
253;1YCS;COMPLEX (ANTI-ONCOGENE/ANKYRIN REPEATS);P53-53BP2 COMPLEX;1997-11-19;X-RAY DIFFRACTION;2.2;8875926;2;$Frustra/Ankyrin/Ank/Complexes/Frustraciones/1ycs.pdb.done/;Ank;NULL;2;AB
254;1YYH;CELL CYCLE,TRANSCRIPTION;Crystal structure of the human Notch 1 ankyrin domain;2005-08-16;X-RAY DIFFRACTION;1.901;16011479;2;$Frustra/Ankyrin/Ank/Complexes/Frustraciones/1yyh.pdb.done/;Ank;NULL;1;A-B
255;2DVW;CELL CYCLE/PROTEIN-BINDING;Structure of the Oncoprotein Gankyrin in Complex with S6 ATPase of the 26S Proteasome;2007-03-13;X-RAY DIFFRACTION;2.30;17292836;2;$Frustra/Ankyrin/Ank/Complexes/Frustraciones/2dvw.pdb.done/;Ank;NULL;2;AB
256;2DZN;PROTEIN BINDING;Crystal structure analysis of yeast Nas6p complexed with the proteasome subunit, rpt3;2007-07-17;X-RAY DIFFRACTION;2.20;17555716;6;$Frustra/Ankyrin/Ank/Complexes/Frustraciones/2dzn.pdb.done/;Ank;NULL;2;AB-CD-EF
257;2F8X;TRANSCRIPTION/DNA;Crystal structure of activated Notch, CSL and MAML on HES-1 promoter DNA sequence;2006-04-04;X-RAY DIFFRACTION;3.250;16530044;3;$Frustra/Ankyrin/Ank/Complexes/Frustraciones/2f8x.pdb.done/;Ank;NULL;5;XYCKM
258;2FO1;GENE REGULATION/SIGNALLING PROTEIN/DNA;Crystal Structure of the CSL-Notch-Mastermind ternary complex bound to DNA;2006-03-21;X-RAY DIFFRACTION;3.12;16530045;3;$Frustra/Ankyrin/Ank/Complexes/Frustraciones/2fo1.pdb.done/;Ank;NULL;5;BCADE
259;2PNN;TRANSPORT PROTEIN;Crystal Structure of the Ankyrin Repeat Domain of Trpv1;2007-07-03;X-RAY DIFFRACTION;2.70;17582331;1;$Frustra/Ankyrin/Ank/Complexes/Frustraciones/2pnn.pdb.done/;Ank;NULL;1;A
260;3B7B;TRANSFERASE;EuHMT1 (Glp) Ankyrin Repeat Domain (Structure 1);2008-02-12;X-RAY DIFFRACTION;2.99;18264113;2;$Frustra/Ankyrin/Ank/Complexes/Frustraciones/3b7b.pdb.done/;Ank;NULL;1;A-B
261;3B95;TRANSFERASE/STRUCTURAL PROTEIN;EuHMT1 (Glp) Ankyrin Repeat Domain (Structure 2);2008-02-12;X-RAY DIFFRACTION;2.99;18264113;2;$Frustra/Ankyrin/Ank/Complexes/Frustraciones/3b95.pdb.done/;Ank;NULL;1;A-B
262;3C5R;PROTEIN BINDING;Crystal Structure of the BARD1 Ankyrin Repeat Domain and Its Functional Consequences;2008-05-13;X-RAY DIFFRACTION;2.00;18480049;2;$Frustra/Ankyrin/Ank/Complexes/Frustraciones/3c5r.pdb.done/;Ank;NULL;1;A-B
263;3DEO;PROTEIN TRANSPORT, MEMBRANE PROTEIN;Structural basis for specific substrate recognition by the chloroplast signal recognition particle protein cpSRP43;2008-08-12;X-RAY DIFFRACTION;1.500;18621669;1;$Frustra/Ankyrin/Ank/Complexes/Frustraciones/3deo.pdb.done/;Ank;NULL;1;A
264;3DEP;PROTEIN TRANSPORT, MEMBRANE PROTEIN;Structural basis for specific substrate recognition by the chloroplast signal recognition particle protein cpSRP43;2008-08-12;X-RAY DIFFRACTION;2.700;18621669;1;$Frustra/Ankyrin/Ank/Complexes/Frustraciones/3dep.pdb.done/;Ank;NULL;2;AB
265;3EU9;protein binding, methyl-lysine-binding protein;The ankyrin repeat domain of Huntingtin interacting protein 14;2009-06-23;X-RAY DIFFRACTION;1.99;19434754;3;$Frustra/Ankyrin/Ank/Complexes/Frustraciones/3eu9.pdb.done/;Ank;NULL;3;ACB
266;3JXI;MEMBRANE PROTEIN;Crystal structure of the chicken TRPV4 ankyrin repeat domain;2009-12-22;X-RAY DIFFRACTION;2.300;20037586;4;$Frustra/Ankyrin/Ank/Complexes/Frustraciones/3jxi.pdb.done/;Ank;NULL;1;A-B-C-D
267;3JXJ;MEMBRANE PROTEIN;Crystal structure of the chicken TRPV4 ankyrin repeat domain;2009-12-22;X-RAY DIFFRACTION;2.800;20037586;2;$Frustra/Ankyrin/Ank/Complexes/Frustraciones/3jxj.pdb.done/;Ank;NULL;1;A-B
268;1AWC;TRANSCRIPTION/DNA;MOUSE GABP ALPHA/BETA DOMAIN BOUND TO DNA;1998-03-18;X-RAY DIFFRACTION;2.150;9461436;2;$Frustra/Ankyrin/Ank/Complexes/Frustraciones/1awc.pdb.done/;Ank;NULL;4;DEAB
269;1DCQ;METAL BINDING PROTEIN;CRYSTAL STRUCTURE OF THE ARF-GAP DOMAIN AND ANKYRIN REPEATS OF PAPBETA.;1999-12-22;X-RAY DIFFRACTION;2.1;10601011;1;$Frustra/Ankyrin/Ank/Complexes/Frustraciones/1dcq.pdb.done/;Ank;NULL;1;A
270;1MYO;ANK-REPEAT;SOLUTION STRUCTURE OF MYOTROPHIN, NMR, 44 STRUCTURES;1999-08-17;SOLUTION NMR;;9634699;1;$Frustra/Ankyrin/Ank/Complexes/Frustraciones/1myo.pdb.done/;Ank;NULL;1;A
271;1S70;HYDROLASE;Complex between protein ser/thr phosphatase-1 (delta) and the myosin phosphatase targeting subunit 1 (MYPT1);2004-06-22;X-RAY DIFFRACTION;2.70;15164081;2;$Frustra/Ankyrin/Ank/Complexes/Frustraciones/1s70.pdb.done/;Ank;NULL;2;AB
272;1YMP;TRANSCRIPTION;The Crystal Structure of a Partial Mouse Notch-1 Ankyrin Domain: Repeats 4 Through 7 Preserve an Ankyrin Fold;2005-05-10;X-RAY DIFFRACTION;2.200;15802643;2;$Frustra/Ankyrin/Ank/Complexes/Frustraciones/1ymp.pdb.done/;Ank;NULL;1;A-B
273;2ETA;TRANSPORT PROTEIN;Crystal structure of the ankyrin repeat domain of the TRPV2;2006-06-27;X-RAY DIFFRACTION;2.20;16809337;2;$Frustra/Ankyrin/Ank/Complexes/Frustraciones/2eta.pdb.done/;Ank;NULL;1;A-B
274;2ETB;TRANSPORT PROTEIN;Crystal structure of the ankyrin repeat domain of TRPV2;2006-06-27;X-RAY DIFFRACTION;1.65;16809337;1;$Frustra/Ankyrin/Ank/Complexes/Frustraciones/2etb.pdb.done/;Ank;NULL;1;A
275;2F37;MEMBRANE PROTEIN;Crystal structure of the ankyrin repeat domain of human TRPV2;2006-10-31;X-RAY DIFFRACTION;1.70;16882997;2;$Frustra/Ankyrin/Ank/Complexes/Frustraciones/2f37.pdb.done/;Ank;NULL;1;A-B
276;2MYO;ANK-REPEAT;SOLUTION STRUCTURE OF MYOTROPHIN, NMR, MINIMIZED AVERAGE STRUCTURE;1999-08-17;SOLUTION NMR;;9634699;1;$Frustra/Ankyrin/Ank/Complexes/Frustraciones/2myo.pdb.done/;Ank;NULL;1;A
277;2QC9;TRANSCRIPTION;Mouse Notch 1 Ankyrin Repeat Intracellular Domain;2008-03-04;X-RAY DIFFRACTION;2.350;17573339;2;$Frustra/Ankyrin/Ank/Complexes/Frustraciones/2qc9.pdb.done/;Ank;NULL;1;A-B
278;2RFA;MEMBRANE PROTEIN;Crystal structure of the mouse TRPV6 ankyrin repeat domain;2008-02-19;X-RAY DIFFRACTION;1.700;18232717;1;$Frustra/Ankyrin/Ank/Complexes/Frustraciones/2rfa.pdb.done/;Ank;NULL;1;A
279;2RFM;PROTEIN BINDING;Structure of a Thermophilic Ankyrin Repeat Protein;2008-03-11;X-RAY DIFFRACTION;1.650;18305166;2;$Frustra/Ankyrin/Ank/Complexes/Frustraciones/2rfm.pdb.done/;Ank;NULL;1;A-B
280;2VGE;TRANSCRIPTION;CRYSTAL STRUCTURE OF THE C-TERMINAL REGION OF HUMAN IASPP;2008-02-05;X-RAY DIFFRACTION;2.10;18275817;1;$Frustra/Ankyrin/Ank/Complexes/Frustraciones/2vge.pdb.done/;Ank;NULL;1;A
281;3EHQ;SIGNALING PROTEIN;Crystal Structure of Human Osteoclast Stimulating Factor;2009-08-04;X-RAY DIFFRACTION;2.57;19137598;2;$Frustra/Ankyrin/Ank/Complexes/Frustraciones/3ehq.pdb.done/;Ank;NULL;1;A-B
282;3EHR;SIGNALING PROTEIN;Crystal Structure of Human Osteoclast Stimulating Factor;2009-08-04;X-RAY DIFFRACTION;1.950;19137598;2;$Frustra/Ankyrin/Ank/Complexes/Frustraciones/3ehr.pdb.done/;Ank;NULL;1;A-B
283;3F6Q;SIGNALING PROTEIN/SIGNALING PROTEIN;Crystal structure of integrin-linked kinase ankyrin repeat domain in complex with PINCH1 LIM1 domain;2008-12-02;X-RAY DIFFRACTION;1.600;19074270;2;$Frustra/Ankyrin/Ank/Complexes/Frustraciones/3f6q.pdb.done/;Ank;NULL;2;AB
285;3IXE;SIGNALING PROTEIN/SIGNALING PROTEIN;Structural basis of competition between PINCH1 and PINCH2 for binding to the ankyrin repeat domain of integrin-linked kinase;2009-12-15;X-RAY DIFFRACTION;1.90;19963065;2;$Frustra/Ankyrin/Ank/Complexes/Frustraciones/3ixe.pdb.done/;Ank;NULL;2;AB
286;3KEA;VIRAL PROTEIN;Structure function studies of vaccinia virus host-range protein K1 reveal a novel ankyrin repeat interaction surface for K1s function;2010-03-31;X-RAY DIFFRACTION;2.30;20089642;2;$Frustra/Ankyrin/Ank/Complexes/Frustraciones/3kea.pdb.done/;Ank;NULL;2;AB
287;3LVQ;Protein transport;The crystal structure of ASAP3 in complex with Arf6 in transition state;2010-06-09;X-RAY DIFFRACTION;3.38;20510928;1;$Frustra/Ankyrin/Ank/Complexes/Frustraciones/3lvq.pdb.done/;Ank;NULL;1;E
288;3LVR;Protein transport;The crystal structure of ASAP3 in complex with Arf6 in transition state soaked with Calcium;2010-06-09;X-RAY DIFFRACTION;3.38;20510928;1;$Frustra/Ankyrin/Ank/Complexes/Frustraciones/3lvr.pdb.done/;Ank;NULL;1;E
289;4DX1;TRANSPORT PROTEIN;Crystal structure of the human TRPV4 ankyrin repeat domain;2012-07-18;X-RAY DIFFRACTION;2.8500;22702953;2;$Frustra/Ankyrin/Ank/Complexes/Frustraciones/4dx1.pdb.done/;Ank;NULL;1;A-B
292;1BI7;COMPLEX (KINASE/ANTI-ONCOGENE);MECHANISM OF G1 CYCLIN DEPENDENT KINASE INHIBITION FROM THE STRUCTURE OF THE CDK6-P16INK4A TUMOR SUPPRESSOR COMPLEX;1999-01-13;X-RAY DIFFRACTION;3.4;9751050;2;$Frustra/Ankyrin/Ank/Complexes/Frustraciones/1bi7.pdb.done/;Ank;NULL;2;AB
293;1DC2;GENE REGULATION;SOLUTION NMR STRUCTURE OF TUMOR SUPPRESSOR P16INK4A, 20 STRUCTURES;1999-12-23;SOLUTION NMR;;10892805;1;$Frustra/Ankyrin/Ank/Complexes/Frustraciones/1dc2.pdb.done/;Ank;NULL;1;A
296;2ETC;TRANSPORT PROTEIN;Crystal structure of the ankyrin repeat domain of TRPV2;2006-06-27;X-RAY DIFFRACTION;3.10;16809337;2;$Frustra/Ankyrin/Ank/Complexes/Frustraciones/2etc.pdb.done/;Ank;NULL;1;A-B
297;2F8Y;TRANSCRIPTION;Crystal structure of human Notch1 ankyrin repeats to 1.55A resolution.;2006-04-04;X-RAY DIFFRACTION;1.55;16530044;2;$Frustra/Ankyrin/Ank/Complexes/Frustraciones/2f8y.pdb.done/;Ank;NULL;1;A-B
298;2L6B;DE NOVO PROTEIN;NRC consensus ankyrin repeat protein solution structure;2011-03-23;SOLUTION NMR;;21397186;1;$Frustra/Ankyrin/Ank/Complexes/Frustraciones/2l6b.pdb.done/;Ank;NULL;1;A
299;2NYJ;TRANSPORT PROTEIN;Crystal structure of the ankyrin repeat domain of TRPV1;2007-07-03;X-RAY DIFFRACTION;3.20;17582331;1;$Frustra/Ankyrin/Ank/Complexes/Frustraciones/2nyj.pdb.done/;Ank;NULL;1;A
301;2XZD;HYDROLASE/PROTEIN BINDING;Caspase-3 in Complex with an Inhibitory DARPin-3.4;2011-12-14;X-RAY DIFFRACTION;2.10;23333429;4;$Frustra/Ankyrin/Ank/Complexes/Frustraciones/2xzd.pdb.done/;Ank;NULL;3;ABG-CDH
302;2Y0B;HYDROLASE/PROTEIN BINDING;Caspase-3 in Complex with an Inhibitory DARPin-3.4_S76R;2011-12-21;X-RAY DIFFRACTION;2.10;23333429;4;$Frustra/Ankyrin/Ank/Complexes/Frustraciones/2y0b.pdb.done/;Ank;NULL;3;ABG-CDH
304;3AAA;PROTEIN BINDING;Crystal Structure of Actin capping protein in complex with V-1;2010-08-04;X-RAY DIFFRACTION;2.20;20625546;3;$Frustra/Ankyrin/Ank/Complexes/Frustraciones/3aaa.pdb.done/;Ank;NULL;2;AB-C
305;3AJI;CHAPERONE/PROTEIN BINDING;Structure of Gankyrin-S6ATPase photo-cross-linked site-specifically, and incoporated by genetic code expansion;2010-12-22;X-RAY DIFFRACTION;2.05;21128684;4;$Frustra/Ankyrin/Ank/Complexes/Frustraciones/3aji.pdb.done/;Ank;NULL;2;AB-CD
306;3JUE;PROTEIN TRANSPORT/ENDOCYTOSIS;Crystal Structure of ArfGAP and ANK repeat domain of ACAP1;2010-09-22;X-RAY DIFFRACTION;2.30;22645133;1;$Frustra/Ankyrin/Ank/Complexes/Frustraciones/3jue.pdb.done/;Ank;NULL;1;A-B
307;3NBN;TRANSCRIPTION/DNA;Crystal structure of a dimer of Notch Transcription Complex trimers on HES1 DNA;2010-11-03;X-RAY DIFFRACTION;3.450;20972443;5;$Frustra/Ankyrin/Ank/Complexes/Frustraciones/3nbn.pdb.done/;Ank;NULL;8;ACBDFEXY
308;3NOC;TRANSPORT PROTEIN/PROTEIN BINDING;Designed ankyrin repeat protein (DARPin) binders to AcrB: Plasticity of the Interface;2011-05-18;X-RAY DIFFRACTION;2.700;21296164;3;$Frustra/Ankyrin/Ank/Complexes/Frustraciones/3noc.pdb.done/;Ank;NULL;5;ABCDE
309;3NOG;TRANSPORT PROTEIN/PROTEIN BINDING;Designed ankyrin repeat protein (DARPin) Binders to AcrB: Plasticity of the Interface;2011-05-18;X-RAY DIFFRACTION;3.3400;21296164;3;$Frustra/Ankyrin/Ank/Complexes/Frustraciones/3nog.pdb.done/;Ank;NULL;5;ABCDE
310;3P3N;OXIDOREDUCTASE/TRANSCRIPTION;Factor inhibiting HIF-1 Alpha in complex with Notch 1 fragment mouse notch (1930-1949) peptide;2010-11-24;X-RAY DIFFRACTION;2.40;17573339;2;$Frustra/Ankyrin/Ank/Complexes/Frustraciones/3p3n.pdb.done/;Ank;NULL;4;AB
311;3P3P;Oxidoreductase/TRANSCRIPTION;Factor inhibiting HIF-1 Alpha in complex with Notch 1 fragment mouse notch (1997-2016) peptide;2010-11-24;X-RAY DIFFRACTION;2.6000;17573339;2;$Frustra/Ankyrin/Ank/Complexes/Frustraciones/3p3p.pdb.done/;Ank;NULL;4;AB
312;3Q9N;PROTEIN BINDING, DE NOVO PROTEIN;In silico and in vitro co-evolution of a high affinity complementary protein-protein interface;2011-04-27;X-RAY DIFFRACTION;2.00;21458342;2;$Frustra/Ankyrin/Ank/Complexes/Frustraciones/3q9n.pdb.done/;Ank;NULL;2;AC-BD
313;3Q9U;PROTEIN BINDING, DE NOVO PROTEIN;In silico and in vitro co-evolution of a high affinity complementary protein-protein interface;2011-04-20;X-RAY DIFFRACTION;2.300;21458342;2;$Frustra/Ankyrin/Ank/Complexes/Frustraciones/3q9u.pdb.done/;Ank;NULL;2;AC-BD
314;3SO8;PROTEIN BINDING;Crystal Structure of ANKRA;2011-10-05;X-RAY DIFFRACTION;1.90;22649097;1;$Frustra/Ankyrin/Ank/Complexes/Frustraciones/3so8.pdb.done/;Ank;NULL;1;A
315;3T9K;PROTEIN TRANSPORT;Crystal Structure of ACAP1 C-portion mutant S554D fused with integrin beta1 peptide;2012-07-18;X-RAY DIFFRACTION;2.30;22645133;1;$Frustra/Ankyrin/Ank/Complexes/Frustraciones/3t9k.pdb.done/;Ank;NULL;1;A-B
316;3TWQ;SIGNALING PROTEIN;Crystal structure of ARC4 from human Tankyrase 2 (apo form);2011-12-07;X-RAY DIFFRACTION;2.151;22153077;2;$Frustra/Ankyrin/Ank/Complexes/Frustraciones/3twq.pdb.done/;Ank;NULL;2;AB
317;3TWR;SIGNALING PROTEIN/PEPTIDE;Crystal structure of ARC4 from human Tankyrase 2 in complex with peptide from human 3BP2;2011-12-07;X-RAY DIFFRACTION;1.550;22153077;8;$Frustra/Ankyrin/Ank/Complexes/Frustraciones/3twr.pdb.done/;Ank;NULL;2;AE-BF-CG-DH
318;3TWS;SIGNALING PROTEIN/PEPTIDE;Crystal structure of ARC4 from human Tankyrase 2 in complex with peptide from human TERF1 (chimeric peptide);2011-12-07;X-RAY DIFFRACTION;1.700;22153077;4;$Frustra/Ankyrin/Ank/Complexes/Frustraciones/3tws.pdb.done/;Ank;NULL;2;AE-BF-CG-DH
319;3TWT;SIGNALING PROTEIN/PEPTIDE;Crystal structure of ARC4 from human Tankyrase 2 in complex with peptide from human MCL1 (chimeric peptide);2011-12-07;X-RAY DIFFRACTION;1.850;22153077;4;$Frustra/Ankyrin/Ank/Complexes/Frustraciones/3twt.pdb.done/;Ank;NULL;2;AE-BF-CG-DH
320;3TWU;SIGNALING PROTEIN/PEPTIDE;Crystal structure of ARC4 from human Tankyrase 2 in complex with peptide from human MCL1;2011-12-07;X-RAY DIFFRACTION;1.80;22153077;2;$Frustra/Ankyrin/Ank/Complexes/Frustraciones/3twu.pdb.done/;Ank;NULL;2;AB
321;3TWV;SIGNALING PROTEIN/PEPTIDE;Crystal structure of ARC4 from human Tankyrase 2 in complex with peptide from human NUMA1 (chimeric peptide);2011-12-07;X-RAY DIFFRACTION;2.301;22153077;4;$Frustra/Ankyrin/Ank/Complexes/Frustraciones/3twv.pdb.done/;Ank;NULL;2;AE-BF-CG-DH
322;3TWW;SIGNALING PROTEIN/PEPTIDE;Crystal structure of ARC4 from human Tankyrase 2 in complex with peptide from human LNPEP (chimeric peptide);2011-12-07;X-RAY DIFFRACTION;2.000;22153077;2;$Frustra/Ankyrin/Ank/Complexes/Frustraciones/3tww.pdb.done/;Ank;NULL;4;ABCD
323;3TWX;SIGNALING PROTEIN/PEPTIDE;Crystal structure of ARC4 from human Tankyrase 2 in complex with peptide from human FNBP1 (chimeric peptide);2011-12-07;X-RAY DIFFRACTION;1.80;22153077;2;$Frustra/Ankyrin/Ank/Complexes/Frustraciones/3twx.pdb.done/;Ank;NULL;2;AC-BD-AC-BD
324;3UI2;TRANSPORT PROTEIN;Crystal structure of the cpSRP54 tail bound to cpSRP43;2012-01-11;X-RAY DIFFRACTION;3.178;22231402;2;$Frustra/Ankyrin/Ank/Complexes/Frustraciones/3ui2.pdb.done/;Ank;NULL;2;AB
325;3UTM;TRANSFERASE/SIGNALING PROTEIN;Crystal structure of a mouse Tankyrase-Axin complex;2012-01-18;X-RAY DIFFRACTION;2.00;22307604;3;$Frustra/Ankyrin/Ank/Complexes/Frustraciones/3utm.pdb.done/;Ank;NULL;3;ABC
326;3UXG;TRANSCRIPTION;Crystal structure of RFXANK;2012-06-13;X-RAY DIFFRACTION;1.8500;22649097;2;$Frustra/Ankyrin/Ank/Complexes/Frustraciones/3uxg.pdb.done/;Ank;NULL;2;AB
327;3V2O;PROTEIN BINDING;Crystal Structure of the Peptide Bound Complex of the Ankyrin Repeat Domains of Human ANKRA2;2012-04-04;X-RAY DIFFRACTION;1.8900;22649097;2;$Frustra/Ankyrin/Ank/Complexes/Frustraciones/3v2o.pdb.done/;Ank;NULL;2;AB
328;3V2X;PROTEIN BINDING;Crystal Structure of the Peptide Bound Complex of the Ankyrin Repeat Domains of Human ANKRA2;2012-04-04;X-RAY DIFFRACTION;1.8500;22649097;2;$Frustra/Ankyrin/Ank/Complexes/Frustraciones/3v2x.pdb.done/;Ank;NULL;2;AB
329;3V30;PROTEIN BINDING;Crystal Structure of the Peptide Bound Complex of the Ankyrin Repeat Domains of Human RFXANK;2012-04-04;X-RAY DIFFRACTION;1.5700;22649097;2;$Frustra/Ankyrin/Ank/Complexes/Frustraciones/3v30.pdb.done/;Ank;NULL;2;AB
330;3V31;PROTEIN BINDING;Crystal Structure of the Peptide Bound Complex of the Ankyrin Repeat Domains of Human ANKRA2;2012-04-04;X-RAY DIFFRACTION;1.57;22649097;2;$Frustra/Ankyrin/Ank/Complexes/Frustraciones/3v31.pdb.done/;Ank;NULL;2;AB
332;3ZU7;TRANSFERASE/DE NOVO PROTEIN;Crystal structure of a designed selected Ankyrin Repeat protein in complex with the MAP kinase ERK2;2012-06-27;X-RAY DIFFRACTION;1.97;22843676;1;$Frustra/Ankyrin/Ank/Complexes/Frustraciones/3zu7.pdb.done/;Ank;NULL;2;AB
333;3ZUV;DE NOVO PROTEIN/TRANSFERASE;Crystal structure of a designed selected Ankyrin Repeat protein in complex with the phosphorylated MAP kinase ERK2;2012-06-27;X-RAY DIFFRACTION;2.72;22843676;2;$Frustra/Ankyrin/Ank/Complexes/Frustraciones/3zuv.pdb.done/;Ank;NULL;2;AB-CD
334;4A63;CELL CYCLE;Crystal structure of the p73-ASPP2 complex at 2.6A resolution;2011-12-21;X-RAY DIFFRACTION;2.27;22917970;12;$Frustra/Ankyrin/Ank/Complexes/Frustraciones/4a63.pdb.done/;Ank;NULL;2;AB-CD-EF-GH-IJ-KL
335;4ATZ;VIRAL PROTEIN/DE NOVO PROTEIN;Ad5 knob in complex with a designed ankyrin repeat protein;2013-02-27;X-RAY DIFFRACTION;1.95;23431166;3;$Frustra/Ankyrin/Ank/Complexes/Frustraciones/4atz.pdb.done/;Ank;NULL;6;ABCDEF
336;4B7E;OXIDOREDUCTASE/PEPTIDE;FACTOR INHIBITING HIF-1 ALPHA IN COMPLEX WITH CONSENSUS ANKYRIN REPEAT DOMAIN-LEU PEPTIDE (20-MER);2013-01-23;X-RAY DIFFRACTION;2.50;23296631;1;$Frustra/Ankyrin/Ank/Complexes/Frustraciones/4b7e.pdb.done/;Ank;NULL;4;AB
337;4B7K;OXIDOREDUCTASE;FACTOR INHIBITING HIF-1 ALPHA IN COMPLEX WITH CONSENSUS ANKYRIN REPEAT DOMAIN-SER PEPTIDE (20-MER);2013-01-23;X-RAY DIFFRACTION;2.39;23296631;1;$Frustra/Ankyrin/Ank/Complexes/Frustraciones/4b7k.pdb.done/;Ank;NULL;4;AB
338;4B93;EXOCYTOSIS;Complex of Vamp7 cytoplasmic domain with 2nd ankyrin repeat domain of Varp;2012-10-31;X-RAY DIFFRACTION;2.00;23104059;2;$Frustra/Ankyrin/Ank/Complexes/Frustraciones/4b93.pdb.done/;Ank;NULL;1;A-B
339;4DRX;CELL CYCLE;GTP-Tubulin in complex with a DARPIN;2012-07-11;X-RAY DIFFRACTION;2.22;22778434;4;$Frustra/Ankyrin/Ank/Complexes/Frustraciones/4drx.pdb.done/;Ank;NULL;3;ABF-CDE
341;4DX2;TRANSPORT PROTEIN;Crystal structure of the human TRPV4 ankyrin repeat domain;2012-07-18;X-RAY DIFFRACTION;2.9500;22702953;2;$Frustra/Ankyrin/Ank/Complexes/Frustraciones/4dx2.pdb.done/;Ank;NULL;1;A-B
342;4DX5;MEMBRANE PROTEIN, TRANSPORT PROTEIN;Transport of drugs by the multidrug transporter AcrB involves an access and a deep binding pocket that are separated by a switch-loop;2012-05-02;X-RAY DIFFRACTION;1.900;22451937;3;$Frustra/Ankyrin/Ank/Complexes/Frustraciones/4dx5.pdb.done/;Ank;NULL;5;ABCDE
343;4DX6;MEMBRANE PROTEIN, TRANSPORT PROTEIN;Transport of drugs by the multidrug transporter AcrB involves an access and a deep binding pocket that are separated by a switch-loop;2012-05-02;X-RAY DIFFRACTION;2.900;22451937;3;$Frustra/Ankyrin/Ank/Complexes/Frustraciones/4dx6.pdb.done/;Ank;NULL;5;ABCDE
344;4DX7;MEMBRANE PROTEIN, TRANSPORT PROTEIN;Transport of drugs by the multidrug transporter AcrB involves an access and a deep binding pocket that are separated by a switch-loop;2012-05-02;X-RAY DIFFRACTION;2.253;22451937;3;$Frustra/Ankyrin/Ank/Complexes/Frustraciones/4dx7.pdb.done/;Ank;NULL;5;ABCDE
345;4F1P;PROTEIN TRANSPORT;Crystal Structure of mutant S554D for ArfGAP and ANK repeat domain of ACAP1;2012-07-18;X-RAY DIFFRACTION;2.30;22645133;2;$Frustra/Ankyrin/Ank/Complexes/Frustraciones/4f1p.pdb.done/;Ank;NULL;1;A-B
346;4F6R;CELL CYCLE;Tubulin:Stathmin-like domain complex;2012-07-18;X-RAY DIFFRACTION;2.64;22791712;2;$Frustra/Ankyrin/Ank/Complexes/Frustraciones/4f6r.pdb.done/;Ank;NULL;4;ABCD
348;4G8K;HYDROLASE;Intact sensor domain of human RNase L in the inactive signaling state;2012-10-31;X-RAY DIFFRACTION;2.400;23084743;2;$Frustra/Ankyrin/Ank/Complexes/Frustraciones/4g8k.pdb.done/;Ank;NULL;1;A-B
349;4G8L;HYDROLASE;Active state of intact sensor domain of human RNase L with 2-5A bound;2012-10-31;X-RAY DIFFRACTION;2.800;23084743;4;$Frustra/Ankyrin/Ank/Complexes/Frustraciones/4g8l.pdb.done/;Ank;NULL;1;A-B-C-D
350;2AJA;PROTEIN BINDING;X-Ray structure of an ankyrin repeat family protein Q5ZSV0 from Legionella pneumophila. Northeast Structural Genomics Consortium target LgR21.;2005-08-16;X-RAY DIFFRACTION;2.80;NULL;2;$Frustra/Ankyrin/Ank/Complexes/Frustraciones/2aja.pdb.done/;Ank;NULL;1;A-B
353;1WDY;Hydrolase;Crystal structure of ribonuclease;2004-10-05;X-RAY DIFFRACTION;1.80;15385955;1;$Frustra/Ankyrin/Ank/Complexes/Frustraciones/1wdy.pdb.done/;Ank;NULL;1;A
354;2B0O;METAL BINDING PROTEIN;Crystal structure of UPLC1 GAP domain;2005-09-20;X-RAY DIFFRACTION;2.06;NULL;4;$Frustra/Ankyrin/Ank/Complexes/Frustraciones/2b0o.pdb.done/;Ank;NULL;2;EF-GH-EFGH
355;2DZO;PROTEIN BINDING;Crystal structure analysis of yeast Nas6p complexed with the proteasome subunit, rpt3;2007-10-16;X-RAY DIFFRACTION;3.00;NULL;4;$Frustra/Ankyrin/Ank/Complexes/Frustraciones/2dzo.pdb.done/;Ank;NULL;2;AB-CD
356;2HE0;SIGNALING PROTEIN;Crystal structure of a human Notch1 ankyrin domain mutant;2006-07-04;X-RAY DIFFRACTION;1.90;NULL;2;$Frustra/Ankyrin/Ank/Complexes/Frustraciones/2he0.pdb.done/;Ank;NULL;2;AB
357;2KBX;CELL ADHESION;Solution structure of ILK-PINCH complex;2008-12-30;SOLUTION NMR;;2;2;$Frustra/Ankyrin/Ank/Complexes/Frustraciones/2kbx.pdb.done/;Ank;NULL;1;A
358;2V4H;TRANSCRIPTION;NEMO CC2-LZ DOMAIN - 1D5 DARPIN COMPLEX;2009-11-03;X-RAY DIFFRACTION;2.90;19854204;3;$Frustra/Ankyrin/Ank/Complexes/Frustraciones/2v4h.pdb.done/;Ank;NULL;4;ABCD
360;2DWZ;ONCOPROTEIN;Structure of the Oncoprotein Gankyrin in Complex with S6 ATPase of the 26S Proteasome;2007-08-28;X-RAY DIFFRACTION;2.40;NULL;4;$Frustra/Ankyrin/Ank/Complexes/Frustraciones/2dwz.pdb.done/;Ank;NULL;2;AB-CD
364;1N0R;STRUCTURAL PROTEIN;4ANK: A designed ankyrin repeat protein with four identical consensus repeats;2003-01-28;X-RAY DIFFRACTION;1.50;12461176;1;$Frustra/Ankyrin/Ank/Complexes/Frustraciones/1n0r.pdb.done/;Ank;NULL;1;A
373;1MJ0;DE NOVO PROTEIN;SANK E3_5: an artificial Ankyrin repeat protein;2003-01-21;X-RAY DIFFRACTION;2.031;12566564;1;$Frustra/Ankyrin/Ank/Complexes/Frustraciones/1mj0.pdb.done/;Ank;NULL;1;A
374;1N0Q;STRUCTURAL PROTEIN;3ANK: A designed ankyrin repeat protein with three identical consensus repeats;2003-01-28;X-RAY DIFFRACTION;1.26;12461176;1;$Frustra/Ankyrin/Ank/Complexes/Frustraciones/1n0q.pdb.done/;Ank;NULL;2;AB
375;1SVX;de novo protein/sugar binding protein;Crystal structure of a designed selected Ankyrin Repeat protein in complex with the Maltose Binding Protein;2004-05-25;X-RAY DIFFRACTION;2.24;15097997;2;$Frustra/Ankyrin/Ank/Complexes/Frustraciones/1svx.pdb.done/;Ank;NULL;2;AB
377;2BKG;DESIGNED PROTEIN;CRYSTAL STRUCTURE OF E3_19 AN DESIGNED ANKYRIN REPEAT PROTEIN;2006-06-21;X-RAY DIFFRACTION;1.90;16493627;1;$Frustra/Ankyrin/Ank/Complexes/Frustraciones/2bkg.pdb.done/;Ank;NULL;1;A-B
378;2BKK;TRANSFERASE/PEPTIDE;CRYSTAL STRUCTURE OF AMINOGLYCOSIDE PHOSPHOTRANSFERASE APH (3')-IIIA IN COMPLEX WITH THE INHIBITOR AR_3A;2005-08-09;X-RAY DIFFRACTION;2.15;16084385;3;$Frustra/Ankyrin/Ank/Complexes/Frustraciones/2bkk.pdb.done/;Ank;NULL;2;AB-CD
386;2JAB;DE NOVO PROTEIN;A DESIGNED ANKYRIN REPEAT PROTEIN EVOLVED TO PICOMOLAR AFFINITY TO HER2;2007-05-08;X-RAY DIFFRACTION;1.70;17466328;1;$Frustra/Ankyrin/Ank/Complexes/Frustraciones/2jab.pdb.done/;Ank;NULL;1;A-B-C
388;2P2C;HYDROLASE;Inhibition of caspase-2 by a designed ankyrin repeat protein (DARPin);2007-05-22;X-RAY DIFFRACTION;3.24;17502107;13;$Frustra/Ankyrin/Ank/Complexes/Frustraciones/2p2c.pdb.done/;Ank;NULL;6;ABPCDQ-EFRGHS-IJTKLU
389;2QYJ;DE NOVO PROTEIN;Crystal structure of a designed full consensus ankyrin;2007-11-13;X-RAY DIFFRACTION;2.050;NULL;1;$Frustra/Ankyrin/Ank/Complexes/Frustraciones/2qyj.pdb.done/;Ank;NULL;1;A
399;2V5Q;TRANSFERASE;CRYSTAL STRUCTURE OF WILD-TYPE PLK-1 KINASE DOMAIN IN COMPLEX WITH A SELECTIVE DARPIN;2008-04-01;X-RAY DIFFRACTION;2.30;18391401;3;$Frustra/Ankyrin/Ank/Complexes/Frustraciones/2v5q.pdb.done/;Ank;NULL;2;AD-BC
400;2XEE;DE NOVO PROTEIN;STRUCTURAL DETERMINANTS FOR IMPROVED THERMAL STABILITY OF DESIGNED ANKYRIN REPEAT PROTEINS WITH A REDESIGNED C-CAPPING MODULE.;2010-08-18;X-RAY DIFFRACTION;2.100;20851127;1;$Frustra/Ankyrin/Ank/Complexes/Frustraciones/2xee.pdb.done/;Ank;NULL;1;A-B-C-D
401;2XEH;DE NOVO PROTEIN;STRUCTURAL DETERMINANTS FOR IMPROVED THERMAL STABILITY OF DESIGNED ANKYRIN REPEAT PROTEINS WITH A REDESIGNED C-CAPPING MODULE.;2010-08-18;X-RAY DIFFRACTION;1.81;20851127;1;$Frustra/Ankyrin/Ank/Complexes/Frustraciones/2xeh.pdb.done/;Ank;NULL;1;A-B-C
402;2XEN;DE NOVO PROTEIN;STRUCTURAL DETERMINANTS FOR IMPROVED THERMAL STABILITY OF DESIGNED ANKYRIN REPEAT PROTEINS WITH A REDESIGNED C-CAPPING MODULE.;2010-08-18;X-RAY DIFFRACTION;2.200;20851127;1;$Frustra/Ankyrin/Ank/Complexes/Frustraciones/2xen.pdb.done/;Ank;NULL;1;A
403;2ZGD;DE NOVO PROTEIN;Asn-hydroxylation stabilises the ankyrin repeat domain fold;2008-02-05;X-RAY DIFFRACTION;1.900;19081931;1;$Frustra/Ankyrin/Ank/Complexes/Frustraciones/2zgd.pdb.done/;Ank;NULL;1;A
404;2ZGG;DE NOVO PROTEIN;Asn-hydroxylation stabilises the ankyrin repeat domain fold;2008-02-05;X-RAY DIFFRACTION;2.000;19081931;1;$Frustra/Ankyrin/Ank/Complexes/Frustraciones/2zgg.pdb.done/;Ank;NULL;1;A
406;3HG0;PROTEIN BINDING;Crystal structure of a DARPin in complex with ORF49 from Lactococcal phage TP901-1;2009-09-08;X-RAY DIFFRACTION;2.10;19740746;4;$Frustra/Ankyrin/Ank/Complexes/Frustraciones/3hg0.pdb.done/;Ank;NULL;4;ABCD
411;1BU9;HORMONE/GROWTH FACTOR;SOLUTION STRUCTURE OF P18-INK4C, 21 STRUCTURES;1999-09-13;SOLUTION NMR;;10074345;1;$Frustra/Ankyrin/Ank/Complexes/Frustraciones/1bu9.pdb.done/;Ank;NULL;1;A
412;1A5E;ANTI-ONCOGENE;SOLUTION NMR STRUCTURE OF TUMOR SUPPRESSOR P16INK4A, 18 STRUCTURES;1999-08-13;SOLUTION NMR;;9660926;1;$Frustra/Ankyrin/Ank/Complexes/Frustraciones/1a5e.pdb.done/;Ank;NULL;1;A
413;1WG0;PROTEIN BINDING;Structural comparison of Nas6p protein structures in two different crystal forms;2005-06-07;X-RAY DIFFRACTION;2.53;NULL;1;$Frustra/Ankyrin/Ank/Complexes/Frustraciones/1wg0.pdb.done/;Ank;NULL;1;A
414;2A5E;ANTI-ONCOGENE;SOLUTION NMR STRUCTURE OF TUMOR SUPPRESSOR P16INK4A, RESTRAINED MINIMIZED MEAN STRUCTURE;1999-08-13;SOLUTION NMR;;9660926;1;$Frustra/Ankyrin/Ank/Complexes/Frustraciones/2a5e.pdb.done/;Ank;NULL;1;A
415;2KXP;PROTEIN BINDING;Solution NMR structure of V-1 bound to capping protein (CP);2010-06-09;SOLUTION NMR;;NULL;3;$Frustra/Ankyrin/Ank/Complexes/Frustraciones/2kxp.pdb.done/;Ank;NULL;3;ABC
416;2XZT;HYDROLASE/PROTEIN BINDING;CASPASE-3 IN COMPLEX WITH DARPIN-3.4_I78S;2011-12-14;X-RAY DIFFRACTION;2.70;NULL;6;$Frustra/Ankyrin/Ank/Complexes/Frustraciones/2xzt.pdb.done/;Ank;NULL;3;CDH-ABG
417;3D9H;STRUCTURAL PROTEIN, PROTEIN BINDING;Crystal Structure of the Splice Variant of Human ASB9 (hASB9-2), an Ankyrin Repeat Protein;2009-06-02;X-RAY DIFFRACTION;2.200;NULL;1;$Frustra/Ankyrin/Ank/Complexes/Frustraciones/3d9h.pdb.done/;Ank;NULL;1;A
418;3HRA;STRUCTURAL PROTEIN;Crystal Structure of EF0377 an Ankyrin Repeat Protein;2010-06-16;X-RAY DIFFRACTION;1.693;NULL;1;$Frustra/Ankyrin/Ank/Complexes/Frustraciones/3hra.pdb.done/;Ank;NULL;1;A
419;3LJN;UNKNOWN FUNCTION;Ankyrin repeat protein from Leishmania major;2010-02-09;X-RAY DIFFRACTION;2.900;NULL;1;$Frustra/Ankyrin/Ank/Complexes/Frustraciones/3ljn.pdb.done/;Ank;NULL;1;A
420;3V79;transcription/DNA;Structure of human Notch1 transcription complex including CSL, RAM, ANK, and MAML-1 on HES-1 promoter DNA sequence;2012-02-15;X-RAY DIFFRACTION;3.85;22325781;3;$Frustra/Ankyrin/Ank/Complexes/Frustraciones/3v79.pdb.done/;Ank;NULL;6;KCMRXY
421;3ZKJ;TRANSCRIPTION;Crystal Structure of Ankyrin Repeat and Socs Box-Containing Protein 9 (Asb9) in Complex with Elonginb and Elonginc;2013-01-30;X-RAY DIFFRACTION;2.58;23806657;6;$Frustra/Ankyrin/Ank/Complexes/Frustraciones/3zkj.pdb.done/;Ank;NULL;3;ABC-DEF
422;4BEP;TRANSFERASE;Crystal structure of the Legionella pneumophila FIC domain-containing effector AnkX protein (apo-form);2013-04-24;X-RAY DIFFRACTION;3.14;23572077;1;$Frustra/Ankyrin/Ank/Complexes/Frustraciones/4bep.pdb.done/;Ank;NULL;2;AB
424;4BER;TRANSFERASE;Crystal structure of the Legionella pneumophila FIC domain-containing effector AnkX protein in complex with cytidine monophosphate;2013-04-24;X-RAY DIFFRACTION;2.60;23572077;1;$Frustra/Ankyrin/Ank/Complexes/Frustraciones/4ber.pdb.done/;Ank;NULL;1;A-B
426;4BES;TRANSFERASE;Crystal structure of the Legionella pneumophila FIC domain-containing effector AnkX protein in complex with cytidine monophosphate and phosphocholine;2013-04-24;X-RAY DIFFRACTION;2.54;23572077;1;$Frustra/Ankyrin/Ank/Complexes/Frustraciones/4bes.pdb.done/;Ank;NULL;2;A
427;4BET;TRANSFERASE;Crystal structure of the Legionella pneumophila FIC domain-containing effector AnkX protein (inactive H229A mutant) in complex with cytidine-diphosphate-choline;2013-04-24;X-RAY DIFFRACTION;2.55;23572077;1;$Frustra/Ankyrin/Ank/Complexes/Frustraciones/4bet.pdb.done/;Ank;NULL;2;A-B-B-A
428;4GMR;DE NOVO PROTEIN;Crystal Structure of Engineered Protein. Northeast Structural Genomics Consortium Target OR266.;2012-08-29;X-RAY DIFFRACTION;2.377;NULL;1;$Frustra/Ankyrin/Ank/Complexes/Frustraciones/4gmr.pdb.done/;Ank;NULL;1;A-B
429;4GPM;DE NOVO PROTEIN;Crystal Structure of Engineered Protein. Northeast Structural Genomics Consortium Target OR264.;2012-09-05;X-RAY DIFFRACTION;2.002;NULL;1;$Frustra/Ankyrin/Ank/Complexes/Frustraciones/4gpm.pdb.done/;Ank;NULL;1;A-B
430;4HNA;MOTOR PROTEIN;Kinesin motor domain in the ADP-MG-ALFX state in complex with tubulin and a DARPIN;2013-06-12;X-RAY DIFFRACTION;3.19;23872990;4;$Frustra/Ankyrin/Ank/Complexes/Frustraciones/4hna.pdb.done/;Ank;NULL;4;ABDK
431;4DUI;DE NOVO PROTEIN;DARPIN D1 binding to tubulin beta chain (not in complex);2013-02-27;X-RAY DIFFRACTION;1.160;NULL;1;$Frustra/Ankyrin/Ank/Complexes/Frustraciones/4dui.pdb.done/;Ank;NULL;1;A
562;4JB8;Hydrolase/DE NOVO PROTEIN;Caspase-7 in Complex with DARPin C7_16;2013-08-21;X-RAY DIFFRACTION;1.700;23868333;3;$Frustra/Ankyrin/Ank/Complexes/Frustraciones/4jb8.pdb.done/;Ank;NULL;HEXAMERIC;ABP
563;4HRN;TRANSFERASE/DE NOVO PROTEIN;Structural Basis for Eliciting a Cytotoxic Effect in HER2-Overexpressing Cancer Cells via Binding to the Extracellular Domain of HER2;2013-10-16;X-RAY DIFFRACTION;2.6500;24095059;2;$Frustra/Ankyrin/Ank/Complexes/Frustraciones/4hrn.pdb.done/;Ank;NULL;DIMERIC;CBDA-DA-CB
596;4HBD;PROTEIN BINDING;Crystal structure of KANK2 ankyrin repeats;2012-12-12;X-RAY DIFFRACTION;1.7200;NULL;1;$Frustra/Ankyrin/Ank/Complexes/Frustraciones/4hbd.pdb.done/;Ank;NULL;;A
597;4HLL;PROTEIN BINDING;Crystal structure of Artificial ankyrin repeat protein_Ank(GAG)1D4;2013-10-23;X-RAY DIFFRACTION;2.2;NULL;1;$Frustra/Ankyrin/Ank/Complexes/Frustraciones/4hll.pdb.done/;Ank;NULL;MONOMERIC;A
598;4HRL;TRANSFERASE/DE NOVO PROTEIN;Structural Basis for Eliciting a Cytotoxic Effect in HER2-Overexpressing Cancer Cells via Binding to the Extracellular Domain of HER2;2013-10-16;X-RAY DIFFRACTION;2.5500;24095059;2;$Frustra/Ankyrin/Ank/Complexes/Frustraciones/4hrl.pdb.done/;Ank;NULL;DIMERIC;CA
601;4HRM;TRANSFERASE/DE NOVO PROTEIN;Structural Basis for Eliciting a Cytotoxic Effect in HER2-Overexpressing Cancer Cells via Binding to the Extracellular Domain of HER2;2013-10-16;X-RAY DIFFRACTION;3.2000;24095059;2;$Frustra/Ankyrin/Ank/Complexes/Frustraciones/4hrm.pdb.done/;Ank;NULL;TETRAMERIC;CABD
604;4BSZ;RNA BINDING PROTEIN;Crystal Structure of the Yeast Ribosomal Protein Rps3 in Complex with its Chaperone Yar1;2013-09-04;X-RAY DIFFRACTION;2.842;24021814;2;$Frustra/Ankyrin/Ank/Complexes/Frustraciones/4bsz.pdb.done/;Ank;NULL;OCTAMERIC;AB
605;4BSZMYSQL;RNA BINDING PROTEIN;Crystal Structure of the Yeast Ribosomal Protein Rps3 in Complex with its Chaperone Yar1;2013-09-04;X-RAY DIFFRACTION;2.842;24021814;2;$Frustra/Ankyrin/Ank/Complexes/Frustraciones/4bszmysql.pdb.done/;Ank;NULL;;
607;4J7W;DE NOVO PROTEIN;E3_5 DARPin L86A mutant;2013-08-14;X-RAY DIFFRACTION;1.600;23868333;1;$Frustra/Ankyrin/Ank/Complexes/Frustraciones/4j7w.pdb.done/;Ank;NULL;MONOMERIC;A-B
608;4J8Y;DE NOVO PROTEIN;E3_5 DARPin D77S mutant;2013-08-14;X-RAY DIFFRACTION;1.700;23868333;1;$Frustra/Ankyrin/Ank/Complexes/Frustraciones/4j8y.pdb.done/;Ank;NULL;MONOMERIC;A
